--
-- Script was generated by Devart dbForge Studio 2019 for MySQL, Version 8.1.22.0
-- Product home page: http://www.devart.com/dbforge/mysql/studio
-- Script date 2025.04.21. 23:27:17
-- Server version: 5.5.5-10.4.32-MariaDB
-- Client version: 4.1
--

-- 
-- Disable foreign keys
-- 
/*!40014 SET @OLD_FOREIGN_KEY_CHECKS=@@FOREIGN_KEY_CHECKS, FOREIGN_KEY_CHECKS=0 */;

-- 
-- Set SQL mode
-- 
/*!40101 SET @OLD_SQL_MODE=@@SQL_MODE, SQL_MODE='NO_AUTO_VALUE_ON_ZERO' */;

-- 
-- Set character set the client will use to send SQL statements to the server
--
SET NAMES 'utf8';

DROP DATABASE IF EXISTS horgaszvizsga2025;

CREATE DATABASE IF NOT EXISTS horgaszvizsga2025
	CHARACTER SET utf8mb4
	COLLATE utf8mb4_general_ci;

--
-- Set default database
--
USE horgaszvizsga2025;

--
-- Create table `catchability_scents`
--
CREATE TABLE IF NOT EXISTS catchability_scents (
  id INT(11) NOT NULL AUTO_INCREMENT,
  Foghatosag VARCHAR(50) NOT NULL,
  created_at TIMESTAMP NULL DEFAULT NULL,
  updated_at TIMESTAMP NULL DEFAULT NULL,
  PRIMARY KEY (id)
)
ENGINE = INNODB,
AUTO_INCREMENT = 6,
AVG_ROW_LENGTH = 3276,
CHARACTER SET utf8,
COLLATE utf8_hungarian_ci;

--
-- Create table `contents`
--
CREATE TABLE IF NOT EXISTS contents (
  id INT(11) NOT NULL AUTO_INCREMENT,
  FejezetCim VARCHAR(250) NOT NULL,
  KepFile VARCHAR(50) DEFAULT NULL,
  TilalmiIdoszak VARCHAR(50) DEFAULT NULL,
  MeretKorlat INT(11) DEFAULT NULL,
  DarabKorlatos TINYINT(1) DEFAULT NULL,
  FoghatosagId INT(11) DEFAULT NULL,
  SzovegHtml TEXT DEFAULT NULL,
  created_at TIMESTAMP NULL DEFAULT NULL,
  updated_at TIMESTAMP NULL DEFAULT NULL,
  PRIMARY KEY (id)
)
ENGINE = INNODB,
AUTO_INCREMENT = 118,
AVG_ROW_LENGTH = 1340,
CHARACTER SET utf8,
COLLATE utf8_hungarian_ci;

--
-- Create foreign key
--
ALTER TABLE contents 
  ADD CONSTRAINT contents_foghatosagid_foreign FOREIGN KEY (FoghatosagId)
    REFERENCES catchability_scents(id);

--
-- Create table `users`
--
CREATE TABLE IF NOT EXISTS users (
  id BIGINT(20) UNSIGNED NOT NULL AUTO_INCREMENT,
  name VARCHAR(255) NOT NULL,
  email VARCHAR(255) NOT NULL,
  email_verified_at TIMESTAMP NULL DEFAULT NULL,
  password VARCHAR(255) NOT NULL,
  remember_token VARCHAR(100) DEFAULT NULL,
  created_at TIMESTAMP NULL DEFAULT NULL,
  updated_at TIMESTAMP NULL DEFAULT NULL,
  PRIMARY KEY (id)
)
ENGINE = INNODB,
CHARACTER SET utf8,
COLLATE utf8_hungarian_ci;

--
-- Create index `users_email_unique` on table `users`
--
ALTER TABLE users 
  ADD UNIQUE INDEX users_email_unique(email);

--
-- Create table `sessions`
--
CREATE TABLE IF NOT EXISTS sessions (
  id VARCHAR(255) NOT NULL,
  user_id BIGINT(20) UNSIGNED DEFAULT NULL,
  ip_address VARCHAR(45) DEFAULT NULL,
  user_agent TEXT DEFAULT NULL,
  payload LONGTEXT NOT NULL,
  last_activity INT(11) NOT NULL,
  PRIMARY KEY (id)
)
ENGINE = INNODB,
CHARACTER SET utf8,
COLLATE utf8_hungarian_ci;

--
-- Create index `sessions_last_activity_index` on table `sessions`
--
ALTER TABLE sessions 
  ADD INDEX sessions_last_activity_index(last_activity);

--
-- Create index `sessions_user_id_index` on table `sessions`
--
ALTER TABLE sessions 
  ADD INDEX sessions_user_id_index(user_id);

--
-- Create table `personal_access_tokens`
--
CREATE TABLE IF NOT EXISTS personal_access_tokens (
  id BIGINT(20) UNSIGNED NOT NULL AUTO_INCREMENT,
  tokenable_type VARCHAR(255) NOT NULL,
  tokenable_id BIGINT(20) UNSIGNED NOT NULL,
  name VARCHAR(255) NOT NULL,
  token VARCHAR(64) NOT NULL,
  abilities TEXT DEFAULT NULL,
  last_used_at TIMESTAMP NULL DEFAULT NULL,
  expires_at TIMESTAMP NULL DEFAULT NULL,
  created_at TIMESTAMP NULL DEFAULT NULL,
  updated_at TIMESTAMP NULL DEFAULT NULL,
  PRIMARY KEY (id)
)
ENGINE = INNODB,
CHARACTER SET utf8,
COLLATE utf8_hungarian_ci;

--
-- Create index `personal_access_tokens_token_unique` on table `personal_access_tokens`
--
ALTER TABLE personal_access_tokens 
  ADD UNIQUE INDEX personal_access_tokens_token_unique(token);

--
-- Create index `personal_access_tokens_tokenable_type_tokenable_id_index` on table `personal_access_tokens`
--
ALTER TABLE personal_access_tokens 
  ADD INDEX personal_access_tokens_tokenable_type_tokenable_id_index(tokenable_type, tokenable_id);

--
-- Create table `password_reset_tokens`
--
CREATE TABLE IF NOT EXISTS password_reset_tokens (
  email VARCHAR(255) NOT NULL,
  token VARCHAR(255) NOT NULL,
  created_at TIMESTAMP NULL DEFAULT NULL,
  PRIMARY KEY (email)
)
ENGINE = INNODB,
CHARACTER SET utf8,
COLLATE utf8_hungarian_ci;

--
-- Create table `migrations`
--
CREATE TABLE IF NOT EXISTS migrations (
  id INT(10) UNSIGNED NOT NULL AUTO_INCREMENT,
  migration VARCHAR(255) NOT NULL,
  batch INT(11) NOT NULL,
  PRIMARY KEY (id)
)
ENGINE = INNODB,
AUTO_INCREMENT = 7,
AVG_ROW_LENGTH = 2730,
CHARACTER SET utf8,
COLLATE utf8_hungarian_ci;

--
-- Create table `job_batches`
--
CREATE TABLE IF NOT EXISTS job_batches (
  id VARCHAR(255) NOT NULL,
  name VARCHAR(255) NOT NULL,
  total_jobs INT(11) NOT NULL,
  pending_jobs INT(11) NOT NULL,
  failed_jobs INT(11) NOT NULL,
  failed_job_ids LONGTEXT NOT NULL,
  options MEDIUMTEXT DEFAULT NULL,
  cancelled_at INT(11) DEFAULT NULL,
  created_at INT(11) NOT NULL,
  finished_at INT(11) DEFAULT NULL,
  PRIMARY KEY (id)
)
ENGINE = INNODB,
CHARACTER SET utf8,
COLLATE utf8_hungarian_ci;

--
-- Create table `jobs`
--
CREATE TABLE IF NOT EXISTS jobs (
  id BIGINT(20) UNSIGNED NOT NULL AUTO_INCREMENT,
  queue VARCHAR(255) NOT NULL,
  payload LONGTEXT NOT NULL,
  attempts TINYINT(3) UNSIGNED NOT NULL,
  reserved_at INT(10) UNSIGNED DEFAULT NULL,
  available_at INT(10) UNSIGNED NOT NULL,
  created_at INT(10) UNSIGNED NOT NULL,
  PRIMARY KEY (id)
)
ENGINE = INNODB,
CHARACTER SET utf8,
COLLATE utf8_hungarian_ci;

--
-- Create index `jobs_queue_index` on table `jobs`
--
ALTER TABLE jobs 
  ADD INDEX jobs_queue_index(queue);

--
-- Create table `failed_jobs`
--
CREATE TABLE IF NOT EXISTS failed_jobs (
  id BIGINT(20) UNSIGNED NOT NULL AUTO_INCREMENT,
  uuid VARCHAR(255) NOT NULL,
  `connection` TEXT NOT NULL,
  queue TEXT NOT NULL,
  payload LONGTEXT NOT NULL,
  exception LONGTEXT NOT NULL,
  failed_at TIMESTAMP NOT NULL DEFAULT current_timestamp(),
  PRIMARY KEY (id)
)
ENGINE = INNODB,
CHARACTER SET utf8,
COLLATE utf8_hungarian_ci;

--
-- Create index `failed_jobs_uuid_unique` on table `failed_jobs`
--
ALTER TABLE failed_jobs 
  ADD UNIQUE INDEX failed_jobs_uuid_unique(uuid);

--
-- Create table `cache_locks`
--
CREATE TABLE IF NOT EXISTS cache_locks (
  `key` VARCHAR(255) NOT NULL,
  owner VARCHAR(255) NOT NULL,
  expiration INT(11) NOT NULL,
  PRIMARY KEY (`key`)
)
ENGINE = INNODB,
CHARACTER SET utf8,
COLLATE utf8_hungarian_ci;

--
-- Create table `cache`
--
CREATE TABLE IF NOT EXISTS cache (
  `key` VARCHAR(255) NOT NULL,
  value MEDIUMTEXT NOT NULL,
  expiration INT(11) NOT NULL,
  PRIMARY KEY (`key`)
)
ENGINE = INNODB,
CHARACTER SET utf8,
COLLATE utf8_hungarian_ci;

-- 
-- Dumping data for table catchability_scents
--
INSERT INTO catchability_scents VALUES
(1, 'Őshonos, fogható', '2025-04-21 21:05:40', '2025-04-21 21:05:40'),
(2, 'Idegenhonos, fogható', '2025-04-21 21:05:40', '2025-04-21 21:05:40'),
(3, 'Invazív, fogható', '2025-04-21 21:05:40', '2025-04-21 21:05:40'),
(4, 'Felmentéssel fogható', '2025-04-21 21:05:40', '2025-04-21 21:05:40'),
(5, 'Nem fogható', '2025-04-21 21:05:40', '2025-04-21 21:05:40');

-- 
-- Dumping data for table users
--
-- Table horgaszvizsga2025.users does not contain any data (it is empty)

-- 
-- Dumping data for table sessions
--
-- Table horgaszvizsga2025.sessions does not contain any data (it is empty)

-- 
-- Dumping data for table personal_access_tokens
--
-- Table horgaszvizsga2025.personal_access_tokens does not contain any data (it is empty)

-- 
-- Dumping data for table password_reset_tokens
--
-- Table horgaszvizsga2025.password_reset_tokens does not contain any data (it is empty)

-- 
-- Dumping data for table migrations
--
INSERT INTO migrations VALUES
(1, '0001_01_01_000000_create_users_table', 1),
(2, '0001_01_01_000001_create_cache_table', 1),
(3, '0001_01_01_000002_create_jobs_table', 1),
(4, '2025_04_20_192452_create_personal_access_tokens_table', 1),
(5, '2025_04_21_203824_create_catchability_scents_table', 1),
(6, '2025_04_21_215459_create_contents_table', 1);

-- 
-- Dumping data for table job_batches
--
-- Table horgaszvizsga2025.job_batches does not contain any data (it is empty)

-- 
-- Dumping data for table jobs
--
-- Table horgaszvizsga2025.jobs does not contain any data (it is empty)

-- 
-- Dumping data for table failed_jobs
--
-- Table horgaszvizsga2025.failed_jobs does not contain any data (it is empty)

-- 
-- Dumping data for table contents
--
INSERT INTO contents VALUES
(1, 'Halgazdálkodási és halvédelmi jogszabályok ismerete', NULL, NULL, NULL, NULL, NULL, '<p>A törvény a halgazdálkodási jog gyakorlásának feltételeit, a Magyarország területén levő halgazdálkodási vízterületeken és azok partján folyó, a halgazdálkodással, a hal és élőhelyének védelmével összefüggő tevékenységeket, valamint az ezeket végző vagy befolyásoló személyek – különösen a halgazdálkodásra alkalmas vizek és vízilétesítmények üzemeltetői, valamint a halgazdálkodási vízterületet és partját egyéb jogcímen használók, a vízhasználók – jogait és kötelezettségeit, a halgazdálkodási igazgatással összefüggő feladat- és hatásköröket, továbbá a halak és haltermékek kereskedelmének feltételeit szabályozza.</p> <p>A törvény hatálya a horgászat, a tiltott eszközök és módok vonatkozásában a haltermelő létesítményre is kiterjed.</p> <p>Természetvédelmi oltalom alatt álló halakkal és más hasznos  v', '2025-04-21 21:05:40', '2025-04-21 21:05:40'),
(2, 'A horgászok számára fontos alapfogalmak', NULL, NULL, NULL, NULL, NULL, '<ul><li><strong>fogási méret:</strong> a halak oldalán, az orrcsúcstól a farokúszó tövéig mért testhosszúság</li><li><strong>fogási</strong> <strong>napló:</strong> a horgászat vagy halászat során kifogott halak – nyilvántartott halgazdálkodási vízterületenkénti, halfajonkénti, naponta kifogott mennyiségenkénti – kötelező bejegyzésére rendszeresített nyomtatvány</li><li><strong>gereblyézés:</strong> a halnak nem a táplálkozási viselkedésére alapozottan, és a szájnyílásán kívüli más testrészébe akasztott horoggal történő zsákmányul ejtésére irányuló módszer</li><li><strong>hal:</strong> a halak, illetve a körszájúak csoportjába tartozó állatfaj, valamint ezek egyedfejlődési alakjai</li><li><strong>hal kifogása:</strong> a halnak és más hasznos víziállatnak a halászat vagy a horgászat során történő megfogása és a vízbe vissza nem enged', '2025-04-21 21:05:40', '2025-04-21 21:05:40'),
(3, 'Alapvető rendelkezések', NULL, NULL, NULL, NULL, NULL, '<p>Magyarország halgazdálkodási vízterületeinek halállománya nemzeti kincs, természeti érték és gazdasági erőforrás, amelyet a társadalomnak védenie és természetes megújulását elősegítenie kell, hasznosítását pedig a fenntarthatóság szempontjai szerint kell tervezni és megvalósítani.</p><p>A halgazdálkodás kifejezés a halgazdálkodási vízterületeken történő horgászati és halászati célú halgazdálkodási hasznosítást, valamint a haltermelési létesítményekben megvalósuló akvakultúra-gazdálkodást foglalja magába.</p><p>A halgazdálkodási vízterületek halgazdálkodási hasznosítása során <strong>a horgászat és a horgászturizmus fejlesztése elsőbbséget élvez más hasznosítási módokkal szemben</strong>.</p><p>Ha a törvény másként nem rendelkezik, <strong>a Magyarország halgazdálkodási vízterületein élő halállomány az állam tulajdonát képezi.</strong> A ', '2025-04-21 21:05:40', '2025-04-21 21:05:40'),
(4, 'A hal élőhelyének védelme', NULL, NULL, NULL, NULL, NULL, '<p>A halgazdálkodási vízterületen minden tevékenységet úgy kell végezni, hogy az a halállományok fennmaradását és természetes módon történő megújulását lehetővé tegye, illetve ne akadályozza.</p><p>A halállományok telelő és szaporodó helyeinek védelméről halgazdálkodási vízterületenként külön kell gondoskodni.</p><p>A halállományok telelő és szaporodó helyein, különösen halgazdálkodási kíméleti területen, a halgazdálkodási hatóság a halállomány védelme érdekében az egyéb vízhasználati módok hatósági korlátozását kezdeményezheti.</p><p>Ha a halállomány vagy élőhelyének védelme indokolja, a halgazdálkodási hatóság a halgazdálkodási vízterületen vagy annak meghatározott részén a következő élőhely- és állományvédelmi intézkedéseket rendeli el:</p><ul><li>a hal élőhelyén kialakult természeti egyensúly megbontására alkalmas szerveze', '2025-04-21 21:05:40', '2025-04-21 21:05:40'),
(5, 'A halak és a halállományok védelme', NULL, NULL, NULL, NULL, NULL, '<p>A természetvédelmi oltalom alatt álló hal, valamint más hasznos víziállat kifogása, illetve gyűjtése tilos.</p><p>Fontos szabály, hogy halgazdálkodási vízterületről kifogott halak másik halgazdálkodási vízterületre, illetve haltermelési létesítménybe nem telepíthetők, azonban a nem őshonos halak haltermelési létesítménybe halhústermelési vagy takarmányozási célból – a halgazdálkodási hatóság külön engedélyével – kihelyezhetők. <strong>Általános</strong><strong> vagy fajlagos fogási tilalom alá tartozó vagy jogszabályban, illetve hatósági határozatban megjelölt mérettartományon kívüli hal vagy más hasznos víziállat fogása esetén a halat vagy más hasznos víziállatot a  fogást követően haladéktalanul és kíméletesen vissza kell helyezni a vízbe. Ezt akkor is meg kell tenni, ha az egyed a megfogás során megsérült, elpusztult!</strong></p>', '2025-04-21 21:05:40', '2025-04-21 21:05:40'),
(6, 'Halfogásra jogosító okmányok', NULL, NULL, NULL, NULL, NULL, '<p>A halgazdálkodási vízterületeken <strong>a hal fogása és a halfogásra irányuló tevékenység</strong></p><ul><li>kereskedelmi, és ökológiai célú, szelektív halászat esetén <strong>halászati engedéllyel</strong>,</li><li>rekreációs célú halászat esetén <strong>állami halászjeggyel, vagy</strong></li><li>horgászat esetén <strong>állami</strong> <strong>horgászjeggyel</strong> vagy <strong>turista</strong> <strong>állami</strong> <strong>horgászjeggyel</strong>, a törvény és a rendelkezéseinek betartásával folytatható.</li></ul><p>A <strong>nyilvántartott halgazdálkodási vízterületen </strong>halfogási tevékenység végzéséhez fogási napló, valamint, ha azt nem a halgazdálkodásra jogosult vagy a halászati engedéllyel rendelkező személy végzi, <strong>a halgazdálkodásra jogosult területi jegye is szükséges</strong>.</p><p>Tekintettel arra, hogy e segédlet a horgás', '2025-04-21 21:05:40', '2025-04-21 21:05:40'),
(7, 'Állami horgászjegy', NULL, NULL, NULL, NULL, NULL, '<p><strong>Állami horgászjegyet a halgazdálkodási hatóság</strong>, valamint az általa írásban forgalmazásra feljogosított szervezet adhat ki. Ezek jellemzően horgász egyesületek és horgász szövetségek. <strong>Az állami horgászjegy horgászatra jogosít</strong>, amelynek országos rendjét a törvény végrehajtására kiadott rendelet (Vhr.) határozza meg.</p><p><strong>Állami horgászjegyet az a személy kaphat, aki rendelkezik horgászvizsgával</strong> vagy korábbi érvényes állami horgászjegyét bemutatja, horgászszervezeti tagságát igazolja és fogási naplóját leadta. Az állami horgászvizsgát a halgazdálkodási hatóság által kiadott vizsgabizonyítvánnyal, más országban tett vizsgát pedig az erről kiállított okirattal vagy horgászati okmánnyal lehet igazolni.</p><p>Hároméves kortól az adott év december 31. napjáig a 15. életévét be nem töltött személy, azaz gyermekhorgás', '2025-04-21 21:05:40', '2025-04-21 21:05:40'),
(8, 'Turista állami horgászjegy', NULL, NULL, NULL, NULL, NULL, '<p><strong>A turista állami horgászjeggyel </strong>rendelkező személy <strong>egy</strong> <strong>– legfeljebb három</strong>, darabonként legfeljebb háromágú, <strong>horoggal</strong> <strong>felszerelt – horgászkészséget, valamint egyidejűleg egy darab, 1 m</strong><strong>2</strong><strong>-nél</strong> <strong>nem</strong> <strong>nagyobb</strong> <strong>csalihalfogó emelőhálót</strong> <strong>használhat</strong>.</p><p>A turista állami horgászjegy a váltás időpontjától számítva a 90. nap végéig érvényes, mely nyilvántartott halgazdálkodási vízterületen az érvényességi időtartamán belül szintén érvényes területi jeggyel jogosít horgászatra. turista állami horgászjegy 2014. május 1-től igényelhető a NÉBIH által működtetett on-line rendszeren keresztül.</p>', '2025-04-21 21:05:40', '2025-04-21 21:05:40'),
(9, 'Területi jegy', NULL, NULL, NULL, NULL, NULL, '<p>A területi jegyet egy vagy több halgazdálkodásra jogosult adhat ki a feljogosított személy részére, így horgászati lehetőséget biztosíthat. Az így csak nyilvántartott halgazdálkodási vízterületre kiadható területi jegy kizárólag</p><ul><li>állami horgászjeggyel és fogási naplóval vagy</li><li>turista állami horgászjeggyel és fogási naplóval együtt jogosít horgászatra.</li></ul><p>A területi jegyen a halgazdálkodásra jogosultnak fel kell tüntetnie a halgazdálkodási tervében a hatóság által jóváhagyott korlátozásokat, amelyek betartása a feljogosított személy számára kötelező. A területi jegy részletes tartalmi követelményeit a Vhr. határozza meg.</p><p>A területi jegyen lévő információkat mindenképpen javasoljuk áttanulmányozni, mivel a halgazdálkodási vízterületet, amelyre a területi jegy érvényessége vonatkozik, a területi jegy érvényességének időtartamát, ', '2025-04-21 21:05:40', '2025-04-21 21:05:40'),
(10, 'Fogási napló', NULL, NULL, NULL, NULL, NULL, '<p>A halgazdálkodási hatóság, illetve az általa feljogosított szervezet az állami horgászjeggyel, valamint a turista állami horgászjeggyel rendelkezők számára az engedéllyel vagy jeggyel azonos sorszámú fogási naplót ad ki. Ezt a horgász legkésőbb a fogási naplón feltüntetett tárgyévet követő év február 28. napjáig köteles leadni annak a szervezetnek, amelynél az állami horgászjegyét kiváltotta vagy a következő évi állami horgászjegyét kiváltani szándékozik. A horgász köteles úgy átadni a fogási naplóját, hogy éves fogási adatait nyilvántartott halgazdálkodási vízterületenként és halfajonként összesíti, valamint összegzi a horgászattal eltöltött napok számát.</p><p>Az állami horgászjeggyel, a turista állami horgászjeggyel rendelkező személy a kifogott halmennyiségről fogási naplót köteles vezetni</p><p>A horgászat megkezdésekor a horgász köteles megjelölni a', '2025-04-21 21:05:40', '2025-04-21 21:05:40'),
(11, 'Horgászvizsga', NULL, NULL, NULL, NULL, NULL, '<p>Állami horgászvizsgát a kormányhivatal földművelésügyi igazgatósága által meghirdetett vizsganapon lehet tenni. A kormányhivatal földművelésügyi igazgatóság köteles negyedévente legalább egy állami horgászvizsga megtartásáról gondoskodni.</p><p>A sikeres állami horgászvizsgát követően, a kormányhivatal földművelésügyi igazgatósága, vagy az általa vizsgáztatásra feljogosított szervezet állami horgászvizsga bizonyítványt állít ki, amelyet a vizsgáztató ad át a vizsgázónak.</p><p>Elvesztett vagy megsemmisült állami horgászvizsga bizonyítvány pótlására állami horgászvizsga bizonyítványt a kormányhivatal földművelésügyi igazgatósága jól olvasható másolat bemutatása vagy állami horgászjegy bemutatása esetén megismételt vizsga nélkül is kiállíthat.</p>', '2025-04-21 21:05:40', '2025-04-21 21:05:40'),
(12, 'A horgászat rendje', NULL, NULL, NULL, NULL, NULL, '<p>A halfogási tevékenységet végző személy köteles magánál tartani</p><ul><li>a nyilvántartott halgazdálkodási vízterületen folytatott horgászat esetén az állami horgászjegyet, a területi jegyet és a horgász fogási naplót</li><li>a nem nyilvántartott halgazdálkodási vízterületen az állami horgászjegyet.</li></ul><p>A horgász az állami horgászjegyet, területi jegyet, valamint a horgász fogási naplót a halgazdálkodási hatóság, a halgazdálkodásra jogosult, a halászati őr, a mezőőr, a természetvédelmi őr, a társadalmi halőr és a rendvédelmi hatóság ellenőrzésre felhatalmazott képviselőjének felhívására köteles bemutatni és átadni.</p><p>A halfogásra jogosító okmányokat a halfogásra irányuló tevékenység végzése közben a jogosult köteles magánál tartani, amelyek csak a személyazonosság igazolására szolgáló arcképes igazolvány birtokában jogosítják az ok', '2025-04-21 21:05:40', '2025-04-21 21:05:40'),
(13, 'Tiltott eszközök és módok', NULL, NULL, NULL, NULL, NULL, '<p>Tilos a hal fogásához minden olyan fogási eszköz, illetve fogási mód alkalmazása, amely a halállományt vagy annak élőhelyét károsíthatja, veszélyeztetheti.</p><p>Halgazdálkodási vízterületen az adott élőhelyen előforduló halfajok fajlagos tilalmi idejével egyező naptári időszakban tilos minden olyan halászeszköz alkalmazása, amelynél nem biztosítható a fajlagos tilalommal érintett egyedek kíméletes visszaengedése.</p><p>Halgazdálkodási vízterületen tilos olyan halfogó eszköz vagy készülék, továbbá olyan fogási mód alkalmazása, amely az aktuális vízállás esetén a vízfolyás, az állóvíz, valamint ezek időszakos kapcsolódásaiban létrejövő halátjárók mederszelvényének felénél többet hossz- vagy keresztirányban elzár.</p><p>A fent említetteken kívül halgazdálkodási vízterületen tiltott halfogási eszköznek és módnak minősül</p><ul><li>a hal fog', '2025-04-21 21:05:40', '2025-04-21 21:05:40'),
(14, 'Tilalmi idők és korlátozások', NULL, NULL, NULL, NULL, NULL, '<p>A miniszternek felhatalmazása van arra, hogy külön rendeletben szabályozza az őshonos halak kifogható mérettartományát, a természetvédelmi oltalom alatt álló halak fogásának tilalmát, illetve a fogási tilalmi időket és darabszám-korlátozásokat is.</p><p>A védett és a fokozottan védett növény- és állatfajokról, a fokozottan védett barlangok köréről, valamint az Európai Közösségben természetvédelmi szempontból jelentős növény- és állatfajok közzétételéről szóló miniszteri rendeletben szereplő halfajok, körszájúak és más hasznos víziállatok nem foghatóak. E szabály megsértése esetén a horgászra a természetvédelmi jogszabályokból következő szankciók vethetők ki.</p><p>Ezért a horgásznak feltétlenül tudnia kell, hogy<strong> Magyarországon természetvédelmi oltalom</strong></p><p><strong>alatt állnak</strong></p><ul><li><strong>körszájúak</stro', '2025-04-21 21:05:40', '2025-04-21 21:05:40'),
(15, 'A horgászrendi szabályozások szerepe', NULL, NULL, NULL, NULL, NULL, '<p>A nyilvántartott halgazdálkodási vízterülettel rendelkező horgászszervezeteknek lehetőségük van helyi horgászrendet megalkotni, amelyeket a mindenkori jogszabályokkal összhangban kell kialakítani. A helyi horgászrend a Hhvtv.-ben és a Vhr.-ben foglalt szabályozásoknál enyhébbet – hatósági jóváhagyás nélkül – nem állapíthat meg (pl. a ponty kifogható legkisebb méretét nem határozhatja meg 20 centiméterben). Azonban a környezet megóvása, a céltudatos, természetközpontú nevelés érdekében célzottan megállapíthatóak olyan, az adott vízterületre érvényes szabályok, melyek betartatása a horgászszervezet feladata. A lehetséges szankciók közül kiemelhető a helyi horgászrendet megsértő személy tagságának megszüntetése, felfüggesztése vagy a területi jegyének vissza-, illetve határozott időre történő bevonása.</p><p>Fontos megjegyezni, hogy a hat', '2025-04-21 21:05:40', '2025-04-21 21:05:40'),
(18, 'Angolna', 'Angolna.jpg', NULL, NULL, NULL, 1, '<p>Méretét tekintve kivételes esetben egyméteresnél nagyobbra is nőhet, de a kifejlettek átlagosan a 60–80 centiméteresek. A jellemzően a kisebb hímek közül egyes példányok egészen kicsik maradnak, hosszú évek alatt is csak 25-30 cm-es méretet érnek el. Táplálkozását tekintve ragadozó hal, fenéklakó mivolta miatt elsősorban a víz mélyén előforduló kisebb állatokkal táplálkozik. Feje enyhén lapított, a száj felé elkeskenyedően kúpos, és mint minden halnál, az angolnánál is nyak nélkül kapcsolódik az állat törzséhez. A fejtől egyenletesen kiszélesedő, hengeres, kígyószerű törzs átmenet nélkül kapcsolódik a farokrészhez. Különálló páratlan úszói nincsenek, a hát-, a farok- és a farok alatti úszó egységes úszószegéllyé olvadt össze. Az egyetlen páros számú úszó a mellúszó, amely a legutolsó kopoltyúfedő lemez tövénél kezdődik. Alig észrevehető pikkelyei ', '2025-04-21 21:05:40', '2025-04-21 21:05:40'),
(19, 'Bodorka', 'Bodorka.jpg', NULL, NULL, NULL, 1, '<p>Hazánk minden vizében megtalálható. Rendkívül jól alkalmazkodó kistermetű halfaj. Kifejlett példányai legtöbbször 10-18 cm-esek. Teste oldalról lapított, nem túl magas hátú, szája csúcsba nyíló, középállású. A has- és hátúszók első sugarai a hal hossztengelyére merőlegesen egy vonalba esnek, a hasvonal a has- és a farok alatti úszók között hengeres, él nincs rajta. Szemgyűrűje halvány narancssárgától az élénk narancsvörösig változik, a hát zöldesszürke, a has fehér, a páros úszók enyhén vörhenyesek, a páratlanok szürkésvörösek. Oldalvonalán 40-46 pikkely számlálható. Rovarlárvákat, apró csigákat, planktonrákokat, hínárhajtásokat fogyaszt. Április elején, 10-12 °C-os vízhőmérsékleten csoportosan ívik.</p>', '2025-04-21 21:05:40', '2025-04-21 21:05:40'),
(20, 'Vörösszárnyú keszeg', 'VorosszarnyuKeszeg.jpg', NULL, NULL, NULL, 1, '<p>Hazánkban nagyon sok helyütt találkozhatunk vele. Elsősorban a csendes, nyugodt, hínárral benőtt vizeket kedveli. A holtágak, kisebb-nagyobb tavak, keskeny csatornák kedvelt élőhelyei. Növényi tápláléktól az apróbb rovarokon keresztül a lárvákig mindent elfogyaszt. Oldalról lapított, viszonylag magas testű hal. Hát- és hasvonala erősen ívelt. Háta feketés-zöld, oldala a kifejlett példányoknál aranysárga. Szemgyűrűje aranysárga, esetleg narancsvörös. Úszói élénkpirosak. Pikkelyei erősek, számuk az oldalvonalon 38-42. A bodorkával ellentétben hátúszója a hasúszó alapjánál hátrébb kezdődik, emellett a hasúszók és a farok alatti úszó közötti hasvonal éles. Szája felső állású. Áprilistól júniusig, 15-18 °C-os vízben szaporodik, az ikrákat vízinövényekre rakja.</p>', '2025-04-21 21:05:40', '2025-04-21 21:05:40'),
(21, 'Domolykó', 'Domolyko.jpg', '04.15-05.31', 25, NULL, 1, '<p>A domolykó igazi folyóvízi hal. Elérheti az 50 cm testhosszt is. Kedvező körülmények között 6-8 kilóra is megnőhet, de nálunk a 3 kilónál nagyobb példányok már ritkának számítanak. Teste hengeres, oldalról csak enyhén lapított. Feje viszonylag nagy, a homlokrész széles, az orr tompán lekerekített. Csúcsba nyíló szája nagy, a szájszöglet eléri a szem elejének vonalát. A farok alatti úszó szegélye domború vagy egyenes, de sohasem homorú, ami a nyúldomolykóhoz hasonlítva a legfeltűnőbb megkülönböztető bélyeg. Háta feketés vagy barnás zöld. A hasúszók és a farok alatti úszó az idősebb példányokon vörösek, a többi úszó sötétszürke. A fiatal példányoknál minden úszó szürkés színű. Tápláléka algák, növényi részek, rákok, férgek, csigák, vízre hulló rovarok és gyümölcsök, magvak, alkalmanként halivadék és ikra. Május-júniusban ívik a folyóvi', '2025-04-21 21:05:40', '2025-04-21 21:05:40'),
(22, 'Jászkeszeg', 'Jaszkeszeg.jpg', '04.15-05.31', 20, NULL, 1, '<p>A folyók jellemző, mérsékelten magas hátú, oldalról lapított testű keszegféléje. A kifejlett példányok testhossza átlagosan 30-50 centiméter. Az idősebb egyedek mell-, a has- és a farok alatti úszói vörösek, hát- és farokúszói pedig barnásak. Feje és szeme közepes nagyságú, szája csúcsba nyíló, szájszöglete nem éri el a szem elejének vonalát. Pikkelyei aprók, számuk az oldalvonal mentén 55-60. Szemgyűrűje nem színes. Rajhal, nyáron gyakran tartózkodik a felszín közelében is, télen a fenékre húzódik. A fiatal példányok állati és növényi planktonnal táplálkoznak, míg a felnőttek férgeket, apró rákokat, rovarlárvákat és kisebb puhatestűeket esznek, a nagy példányok alkalmanként halivadékot is fogyasztanak. Április és június között ívik a sekély szélvizekben. Ikráját kavicsra vagy vízinövényekre rakja.</p>', '2025-04-21 21:05:40', '2025-04-21 21:05:40'),
(23, 'Balin', 'Balin.jpg', '03.01-04.30', 40, 1, 1, '<p>A balin valamennyi nagyobb folyó-, illetve állóvizünkben megtalálható, a pontyfélék családjába tartozik, foga nincs, mégis ragadozó hal. Testhossza a 70-80 cm-t is elérheti. Félig felső állású szája nagy, szájszöglete a szem alá nyúlik. Alsó állkapcsának csúcsa kissé felfelé hajló, enyhén kampós. Teste megnyúlt, mérsékelten magas, oldalról lapított. Színe, hátoldalon grafitszürke, oldalán ezüstösen csillogó, hasa fehér. Pikkelyei aprók, számuk az oldalvonalon 65-75. Úszói erőteljesek, nagyok, az alsó úszók a fiataloknál rózsaszínesek, az idősebbeknél vörhenyesek. A hátúszója nagy első sugara hosszú és kemény, ha a balin a felszín közelében úszik, gyakran kilátszik a hátúszó hegye a vízből. Szeme nagy, szemgyűrűje citromsárga. Eleinte állati planktonnal, majd főleg vízre pottyanó rovarokkal táplálkozik, később halivadékok szerepelnek étlapján, csak kifejlett', '2025-04-21 21:05:40', '2025-04-21 21:05:40'),
(24, 'Szélhajtó küsz', 'SzelhajtoKusz.jpg', NULL, NULL, NULL, 1, '<p>Szinte minden álló- és folyóvizünkben megtalálható, gyakori és nagy egyedszámú csapotokban mozgó halfaj. Teste nyúlánk, oldalról lapított, szája felső állású. Háta csillogó kékeszöld, oldala, hasa ezüstösen csillogó, úszói közül a hát- és farokúszó szürke, a többi fehér. Planktont, rovarokat, lárvákat fogyaszt, táplálékát csapatosan keresi a felszín közelében. Áprilistól júniusig egyedenként változóan több szakaszban ívik, ikráit kemény aljzatra vagy vízinövényekre rakja.</p>', '2025-04-21 21:05:40', '2025-04-21 21:05:40'),
(25, 'Karikakeszeg', 'Karikakeszeg.jpg', NULL, NULL, NULL, 1, '<p>A dévérkeszeg mellett a másik leggyakrabban előforduló keszegfajunk. A sekély, mocsaras vizeken, illetve a gyors vizű hegyi patakokon kívül szinte mindenhol előfordul. Teste oldalról lapított. Feje kicsi, orra rövid és tompán lekerekített, kicsi szája csúcsba nyíló szája vagy félig alsó állású. Szemei a fejéhez képes nagyok. A mell- és a hasúszók rövidek, tövük gyakran vörhenyes. A mellúszó nem éri el a hasúszók kezdetének vonalát. A hát sötétbarna, esetleg kékes színezetű, az oldalak szürkésen ezüstös csillogásúak, a has ezüstös, vörhenyes. Pikkelyei közepes méretűek, az oldalvonal és a hátúszó közötti hosszanti pikkelysorok száma 8-10. A pikkelyek mérete az oldalvonaltól a hát íve felé haladva alig csökken. Elsősorban apró méretű állatokkal (rovarok, lárvák) táplálkozik, de előszeretettel fogyaszt különféle növényi eredetű táplálékot is. Áp', '2025-04-21 21:05:40', '2025-04-21 21:05:40'),
(26, 'Dévérkeszeg', 'Deverkeszeg.jpg', NULL, NULL, NULL, 1, '<p>Gyakori és legnagyobbra megnövő keszegfajunk (akár az 5 kg-os méretet is elérheti). A nagyobb folyók lassú, síkvidéki szakaszának jellemző hala, azonban a tavak egy részében is komoly állománnyal van jelen. A nagyobb vizeket kedveli, a kisebb álló- és folyóvizekből hiányzik. Oldalról lapított, magas testű hal, a hát vonala gyengébben, a hasé erősen ívelt. A hátvonal ívében a nyakszirtnél egy jellegzetes törés figyelhető meg. A feje kicsi, orra legömbölyített, szeme közepes nagyságú. A száj félig alsó állású. Hátúszója magas, rövid, a farok alatti úszó hosszú. A hosszú farokúszó mélyen kivágott, alsó lebenye valamivel hosszabb a felsőnél. A fiatal egyedek úszói áttetszőek, színtelenek, a kifejlett példányoknál palaszürkék. Az oldalvonal és a hátúszó közötti hosszanti pikkelysorok száma 12-13. A pikkelyek mérete az oldalvonaltól a hát  íve felé haladv', '2025-04-21 21:05:40', '2025-04-21 21:05:40'),
(27, 'Laposkeszeg', 'Laposkeszeg.jpg', NULL, NULL, NULL, 1, '<p>A nagyobb folyók jellemző keszegfaja, de az állandó vízáramlás nélküli állóvizekben is előfordul. A kifejlett egyedek jellemző testhossza 20-30 centiméter, de a 45 centimétert is elérheti. A dévérkeszegnél kevésbé magas hátú, de rendkívül lapított testű hal. Feje kicsi, orra rövid és hegyes. Kis szája félig fölső állású, pikkelyei aprók. Farok alatti úszója feltűnően hosszú. Farokúszója mélyen bemetszett, alsó lebenye kissé hosszabb a felsőnél. Elsősorban planktonnal táplálkozik, és a vízre hulló rovarok mellett sok szerves törmeléket is fogyaszt, fenéklakó állatot viszont csak keveset, ennek megfelelően főként vízközt és a felszín közelében mozog. Április és május között ívik, az ikrákat legszívesebben az elöntött szárazföldi növényzetre rakja.</p>', '2025-04-21 21:05:40', '2025-04-21 21:05:40'),
(28, 'Bagolykeszeg', 'Bagolykeszeg.jpg', NULL, NULL, NULL, 1, '<p>A folyók áramláskedvelő keszegfaja, ennek meg- felelően inkább csak az erősebb sodrású szakaszokon fordul elő. A tavak és víztározók közül azokban él, amelyekben áramlások is vannak. Kifejlett példányai 20-30, maximum 35 cm hosszúak. Nyúlánk, de kifejletten magas hátú, oldalról lapított testű hal. Feje kicsi, orra rövid és nagy ívben lekerekített, a szeme feltűnően nagy. Kicsi, félig alsó állású szájára az orra szinte ráborul, de nem nyúlik elé. Farok alatti úszója igen hosszú. Mélyen bemetszett farokúszóján az alsó lebeny kissé hosszabb a felsőnél. Pikkelyei közepes nagyságúak. Úszói sárgásszürkék. Elsősorban fenéklakó gerinctelen állatokat, valamint szerves törmeléket és növényi eredetű táplálékot fogyaszt. Szaporodása májustól júniusig tart a folyók sodrottabb szakaszain, illetve a tavak áramlásos részein. A lerakott ikra a homokos-kavicsos aljza', '2025-04-21 21:05:40', '2025-04-21 21:05:40'),
(29, 'Szilvaorrú keszeg', 'SzilvaorruKeszeg.jpg', '04.15-05.31', 20, NULL, 1, '<p>Eredetileg félsós tenger- öblökben élő és onnan szaporáshoz a folyókba fölvándorló faj volt, de idővel állandóan édesvízben maradó populációi is kialakultak – a hazai állományok is ilyenek. Áramláskedvelő faj, így előfordulása nagyobb folyóvizeinkben – Dunában, Tiszában, Drávában – tipikus. Kifejletten 20-30 cm-es, a nagyobb példányok a 40 cm feletti méretet is elérhetik. Nyúlánk, oldalról lapított, mérsékelten magas hátú hal. Közepes nagyságú fejéhez mérten hosszú, a szem átmérőjénél nagyobb orra a fölső állkapocs elé nyúlik. Azért hívják szilvaorrú keszegnek, mert orra kissé kékes és gömbölyded. Szája alsó állású, alulról nézve U alakú, ajkai lekerekítettek, nem éles szélűek. Farok alatti úszójában 18- 22 elágazó sugár számlálható. Táplálékát (rovarlárvák, férgek stb.) főleg a vízfenékről gyűjti és többnyire', '2025-04-21 21:05:40', '2025-04-21 21:05:40'),
(30, 'Garda', 'Garda.jpg', '04.15-05.31', 20, NULL, 1, '<p>Egykor vándorló halfaj volt hal, amely a tengerbe torkolló folyók édesvizében szaporodik, a tengertől távolra kerülő populációk azonban felhagytak a vándorlással, teljesen édesvíziekké váltak. A hazai állomány főként nagy folyóinkban, illetve nagyobb tavainkban él. Testhossza 25- 35 centiméter, maximum 60 centiméter. Teste megnyúlt, oldalról erősen lapított. Hasvonala domborúan ívelt, háta viszont majdnem egyenes. Feje aránylag kicsi, orra rövid és hegyes, a szeme nagy. Szája felső állású, szájrése meredeken felfelé irányul. 90-115 kicsi pikkelye van a hullámos oldalvonala mentén. Mellúszói feltűnően nagyok, túlérnek a hasúszók tövén. Rajhal, amely napközben a fenék közelében tartózkodik, éjszaka a felszínre emelkedik. Tápláléka planktonrákok, rovarlárvák és -bábok, repülő rovarok és apró halak. Május-júliusban ívik a vizek mérsékelt áramlású mélyebb részein', '2025-04-21 21:05:40', '2025-04-21 21:05:40'),
(31, 'Paduc', 'Paduc.jpg', '04.15-05.31', 20, NULL, 1, '<p>Kifejezetten folyóvízi hal, a gyorsan áramló, oxigénben dús vizet kedveli. Folyóink egyik tipikus keszegfaja. Nagyobb példányai 25-35 cm- esek, kivételesen 40 centi fölöttiek is lehetnek. Teste megnyúlt, oldalról lapított, áramvonalas, a folyó sodrásához teljes mértékben idomult. Feje aránylag kicsi, hosszú orra a száj elé nyúlik. Alsó állású szája alulról nézve csupán enyhén ívelt, majdnem egyenes vonalú. Alsó ajka a rajta képződő szarubevonattól kemény és éles. A farokúszó mélyen bemetszett, mellúszói viszonylag nagyok. Farok alatti úszójában általában 10-12 elágazó sugár van (tehát jóval kevesebb, mint a szilvaorrú keszegnél). Teste a háti részen feketészöld, az oldalain ezüstösen csillogó, amit a szürkés- vöröses farokúszó és a vöröses színű úszók díszítenek. Színei ívási időben különösen élénkké válnak. Táplálékát elsősorban a mederfelszí', '2025-04-21 21:05:40', '2025-04-21 21:05:40'),
(32, 'Compó', 'Compo.jpg', '05.02-06.15', 25, 1, 1, '<p>A gazdag vízi növényzettel rendelkező sekély állóvizek tipikus faja, folyók mentén a holtágakban, az áradások után kialakuló mellékvizekben fordul elő. Kifejlett példányainak hossza 20-30 cm, de 40 cm feletti méretet is elérhet. A pontyfélék családjába tartozik, testalkata zömök, oldalról enyhén lapított. Feje aránylag nagy, szeme kicsi. Uszonyai lekerekítettek. Apró pikkelyekkel fedett testét rendkívül vastag nyálkaréteg borítja. Színében a zöldes árnyalatok dominálnak, de fekete, sárga és piros színváltozata is előfordul. Szája csúcsba nyíló, szájszegletében egy-egy bajusz található. Főként iszapból kitúrt apró állatokkal táplálkozik, de étrendjét növényi részek és magvak is színesítik. Május-júniusban ívik, ikráit vízinövényekre rakja.</p>', '2025-04-21 21:05:40', '2025-04-21 21:05:40'),
(33, 'Márna', 'Marna.jpg', '04.15-05.31', 40, 1, 1, '<p>Sebes folyású, oxigénben gazdag, mély vizeket kedveli, tipikus folyóvízi hal. A duzzasztott szakaszokat kerüli. A kifejlett példányok 40-50 cm hosszúak, de 70 centinél hosszabbra is megnőhet. Teste izmos, nyúlánk és hengeres, oldalról enyhén lapított. Hosszú orra túl ér a száján. Szája alsó állású 2 pár bajuszszállal és húsos ajakkal. Hátúszójának első sugara hátulsó oldalán fogazott. A farok alatti úszó nem hosszú, hátra simítva csúcsa meg sem közelíti a farokúszó tövét. Háta zöldesbarna, zöldes-fehéres testén apró pikkelyek vannak. A hasa sárgásfehér, úszói vöröses színűek. Táplálkozása változatos, étrendjébe a tartozik a víz fenekén élő lárva, csiga, féreg, amelyek után állandóan turkál. Elfogyasztja a növényi eredetű táplálékot és a fiatal halivadékot is. Szívesen tartózkodik a szennyvízbefolyások utáni vizeken, hídlábak mögött, patakok, foly', '2025-04-21 21:05:40', '2025-04-21 21:05:40'),
(34, 'Ponty', 'Ponty.jpg', '05.02-05.31', 30, 1, 1, '<p>Legismertebb és legnépszerűbb halunk. Hazai állományának túlnyomó többségét mesterséges szaporítással előállított telepített pontyok adják. A nagyobb egyedek hossza 40-50 cm, de 1 méternél nagyobbra és akár 30 kg-osnál nagyobbra is megnőhet. Megnyúlt testű, oldalról lapított, változóan magas hátú hal: különböző testformájú és színű változataival találkozhatunk. Az ún. tükörpontyoknál csak a hátúszó alatti sorban és a faroknyélen találunk pikkelyeket, az ún. bőrponty teljesen pikkelymentes. Szereti a náddal szegélyezett, jól felmelegedő, iszapos aljzatú sekélyebb tavakat és a lassan folyó vizeket. Szája körül 2 pár bajuszszálat visel, az egyiket a felső ajakon, a másikat a szájszegletben, ennek alapján könnyen megkülönböztethető a kárászoktól. Az életmódjára az állandóan vándorló, folyamatos táplálékkereső életmód a legjellemzőbb.  Főként iszaplakó g', '2025-04-21 21:05:40', '2025-04-21 21:05:40'),
(35, 'Harcsa', 'Harcsa.jpg', '05.02-06.15', 60, 1, 1, '<p>A magyarországi halfauna „óriása", testhossza a 2,5 métert is elérheti, tömege meghaladhatja a 100 kg-ot. Megtalálható minden olyan folyóban és állóvízben, ahol előfordulnak olyan mély, gödrös részek, bedőlt fák, kőrakások amelyek árnyékában biztosan rejtőzhet. A teste a többi hazai halunktól különbözik. Hosszúra nyúlt, a fején fölülről, a farokrészén oldalról erősen lapított, pikkelytelen testű hal. A test törzsrésze rövid, hengeres, az izmos farokrész igen hosszú. Feje nagy és széles, szeme kicsi. Nagy, félig fölső állású száján a felső ajakon, a szájszeglet közelében 2 hosszú, alul 4 rövidebb bajuszszálat találunk. Szélesre nyíló szájában felül és alul rendkívül sok apró, kissé visszahajló, tűhegyes ránőtt fog helyezkedik el (ez az ún. gerebenfogazat). Hátúszója szokatlanul elöl található, farok alatti úszója viszont nagyon hosszú, a végbélnyílástól egészen a farokúszó tövéig tart. Mellúszójának első sugara vaskos, kemény, tompa végű csonttüske. Színe a világosabb zöldesbarnától a feketéig terjedhet, rendszerint márványozott, de zavaros áradáskor akár sárga is lehet. Főként éjjel aktív, rendkívül falánk ragadozó. Kisebb példányai főként hallal, rákokkal, piócákkal, puhatestűekkel táplálkoznak, a nagyobbak tápláléka elsősorban halakból áll, de kétéltűeket, kisemlősöket és néha még vízimadarakat is zsákmányolnak. A harcsa ívása a már egyenletesen meleg május végi, június eleji időszakra esik, amikor a víz hőmérséklete már tartósan 20 fok körüli. Az ikrákat növények vízbe nyúló gyökérzetére vagy az áradás által elöntött növényzetre rakják, amit később is őriznek</p>', '2025-04-21 21:05:40', '2025-04-21 21:05:40'),
(36, 'Csuka', 'Csuka.jpg', '02.01-03.31', 40, 1, 1, '<p>Magyarország gyakori, jól alkalmazkodó ragadozóhala, amely a hegyvidéki patakok kivételével szinte minden víztípusban megél. Nagyobb állományai a dús növényzetű, de nyílt vízzel is rendelkező sekély állóvizekben jellemzőek. Hosszú életű, nagyra növő hal, kivételesen 1 méternél és 20 kg- nál is nagyobb lehet. Teste hosszúkás, oldalról enyhén lapított, hát- és hasvonala szinte párhuzamos. Feje a testéhez képest igen nagy, szája kacsacsőrre emlékeztet. Nagy szájának kemény alsó állkapcsa túlér a felsőn, formája lapított és mélyen vágott. Fölső állkapcsának hátsó széle a viszonylag nagy szem alá ér. Alsó állkapcsán hegyes, erős és kúpos fogak helyezkednek el, melyek elölről hátrafelé haladva egyre nagyobbak. Az apró pikkelyekkel borított test színe halvány ezüst- aranyostól az olajzöld alapon arany foltos, halványan csíkozott változatokig terjedhet. Az úszóit s', '2025-04-21 21:05:40', '2025-04-21 21:05:40'),
(37, 'Sebes pisztráng', 'SebesPisztrang.jpg', '10.01-03.31', 22, 1, 1, '<p>Egy eredetileg tengerben élő pisztrángfajból alakult ki, amely csak szaporodás idején kereste fel az édesvizeket. A nálunk élő sebes pisztráng teljesen áttért az édesvízi életmódra, a bővizű hegyi patakokban és folyókban uralkodó viszonyokhoz alkalmazkodott. A sebes sodrású, oxigénben dús és hideg vizeket kedveli. Alkalmas élőhelyen több kilós testtömeget is elérhet, de természetes vizeinkben ritkán akadnak 30 centinél nagyobb példányok. Teste orsószerű, oldalról kevéssé lapított. Feje nagy, orra tompa és rövid, nem éri el a szem átmérőjének kétszeresét. Szája nagy és csúcsba nyíló, fogai erős ragadozófogak. Felső állkapcsa eléri a szem hátsó szélének vonalát vagy túlnyúlik azon. Hát- és farokúszója között kicsiny zsírúszót visel, farokúszójának széle kevéssé beöblösödő. Hátát, oldalát, esetleg úszóit világos udvarral körülvett fe', '2025-04-21 21:05:40', '2025-04-21 21:05:40'),
(38, 'Menyhal', 'Menyhal.jpg', NULL, 25, 1, 1, '<p>Egyetlen tőkehalfélék családjába tartozó halfajunk. Az élénkebb sodrású hideg vizet és a kemény aljzatot kedveli, ezért nagyobb folyókban érzi igazán jól magát. Fenéklakó. Éjszakai életmódú hal, többnyire a kövek között vagy a part üregeiben búvik meg. A nagyobb példányok hossza 40-50 cm, ritkán 60 cm körüli. Nyúlánk, a feji részén fölülről, farki részén oldalról lapított hal. Feje aránylag rövid, de széles, orra közepesen hosszú, a szeme kicsi. Szája nagy, félig alsó állású, benne apró, hegyes fogak vannak. Szájhasítéka vízszintes, oldalról nézve a szem alá, többnyire annak hátsó vonaláig ér, alsó állkapcsáról egyetlen bajuszszál csüng. Két hátúszója közül az első rövidebb, második igen hosszú. Farok alatti úszója nagyon hosszú. Különálló farokúszója – ami alapján könnyen, első látásra elkülöníthető a harcsától – kicsi, szimmetrikusan leke', '2025-04-21 21:05:40', '2025-04-21 21:05:40'),
(39, 'Sügér', 'Suger.jpg', '03.01-04.30', NULL, NULL, 1, '<p>A kis folyók alsó szakaszának jellemző hala, de jól alkalmazkodik más környezeti feltételekhez is, megtalálható a nagy folyók lassabb áramlású szakaszain és nagy állományai alakulhatnak ki a növényzetben gazdag, sekély állóvizekben. A mély tavakban és holtágakban a parti sávban mozog. A nagyobb példányok 20-30 cm hosszúak, kivételesen valamivel nagyobbak is lehetnek. Aránylag magas testű, oldalról lapított hal. Feje és szeme nagy, orra hosszabb, mint szemének átmérője. Szája csúcsba nyíló, de hasítéka kissé fölfelé irányul, benne apró fogak vannak. Fölső állkapcsa hátul a szem középvonaláig ér. Az első hátúszó végén egy nagyon jellemző fekete folt látható. Farokúszója enyhén bemetszett. Hasúszói a mellúszók alatt, de kissé hátrébb foglalnak helyet. Pikkelyei kicsik, de erősen ülnek. Oldalait zöldes-feketés harántsávok díszítik. A kisebb példányok fenék', '2025-04-21 21:05:40', '2025-04-21 21:05:40'),
(41, 'Kősüllő', 'Kosullo.jpg', '03.01-06.30', 25, 1, 1, '<p>Elsősorban a folyók középső- alsó szakaszán, valamint a nagyobb állóvizek egy részében található meg. Az elmocsarasodott, sok lebegő iszapszemcsét tartalmazó és kisebb vizekben nem él. A nagyobb egyedek testhossza 25-30 cm, de akár 40 cm-nél nagyobb méretet is elérhet. Megnyúlt, aránylag alacsony, oldalról lapított testű hal. Feje hosszú, a szeme nagy, ehhez mérten az orra rövid, nem sokkal haladja meg a szem átmérőjét. Szája csúcsba nyíló, elég nagy, de fölső állkapcsának vége nem ér túl a szem középvonalán – ez alapján a kisebb példányok is jól elkülöníthetők a fogassüllőtől. Szájában erős fogak ülnek, de a többi közül kiemelkedő ebfogai csak a 10-15 centinél kisebb, fiatal példányoknak vannak. Farokúszója jól fejlett, a széle enyhén bemetszett. Farok alatti úszója rövid. Pikkelyei aprók. Zöldesszürke oldalát határozottabb vonalú sötét harántsávok', '2025-04-21 21:05:40', '2025-04-21 21:05:40'),
(43, 'Amur', 'Amur.jpg', NULL, NULL, NULL, 2, '<p>Eredetileg csak Kelet- Ázsiában, az Amurban és az attól délre eső nagy folyókban élt, de sok helyre betelepítették. Eredeti hazájában tipikus folyóvízi hal, nálunk főként állóvizekben, csatornákban telepedett meg, de nagy folyóink nem túl gyors áramlású szakaszian is előfordul. Hazai állománya telepített példányokból alakult ki. Nagy növésű hal, méteres hosszúságot és akár 30 kg feletti tömeget is elérhet. Teste megnyúlt, oldalról csak enyhén összenyomott, majdnem hengeres. Hát- és hasvonala kevéssé ívelt, közel párhuzamos. Feje kicsi, homloka széles, orra hát-hasi irányban lapított, a két orrnyílás között húzódó barázda miatt egy kissé homorú. Szája félig alsó állású, ajkai vaskosak. Hátúszója, kicsivel előrébb kezdődik, mint a hasúszója. Pikkelyei nagyok, erősen ülnek. A fiatal amur kezdetben planktonnal, majd apró gerinctelen állatokkal táplálkozik, később  ', '2025-04-21 21:05:40', '2025-04-21 21:05:40'),
(44, 'Szivárványos pisztráng', 'SzivarvanyosPisztrang.jpg', NULL, NULL, NULL, 2, '<p>Eredeti élőhelye a Bering-tenger ázsiai és amerikai partvidéke, Magyarországra 1885-ben hozták be, azóta számos vizünkbe betelepítették. Fennmaradása csak az ismétlődő telepítéseknek köszönhető, stabil, ön-fenntartó állománya nem alakult ki. A sebes pisztránghoz hasonlóan a hegyi és hegylábi kis-vízfolyásokat kedveli, de kisebb az oxigénigénye, ezért jobban tűri a víz felmelegedését. Tágabb tűrőképessége folytán olyan helyeken is megél – pl. alföldi holtágakban –, ahol a sebes pisztráng nem maradna meg. Több kilogrammos testtömeget is elérhet, de vizeinkben a 30-35 centi fölöttiek már ritkák. Orsó alakú, oldalról lapított hal, az idősebbek magasabb hátúak. Feje aránylag kicsi, ehhez mérten a szeme nagy. Orra rövid és lekerekített, hossza nem éri el a szemátmérő kétszeresét, többnyire inkább azzal egyenlő. Szája nagy és csúcsba  ny', '2025-04-21 21:05:40', '2025-04-21 21:05:40'),
(45, 'Pisztrángsügér', 'Pisztrangsuger.jpg', NULL, NULL, NULL, 2, '<p>Észak-Amerika keleti felén Kanadától Mexikóig őshonos, de Amerikán kívül sok helyre betelepítették. Magyarországra 1909-ben hozták be, de az elterjesztésére tett  kísérletek nem jártak igazi sikerrel, stabil állománya kevés helyen alakult ki. Főként a sekély és mély vízzel is rendelkező kemény medrű tavak és a nem túl gyors, de kemény aljzatú folyószakaszok biztosítanak számára megfelelő élőhelyet. talált. A nagyobb példányok 30-40, olykor 50 cm körüliek. Megnyúlt, közepesen magas, oldalról lapított testű hal. Feje nagy és vaskos, az orra mérsékelten hosszú, de jóval fölülmúlja aránylag kicsi szemének átmérőjét. Nagy szája fölső állású, hasítéka ferdén fölfelé irányul. A fölső állkapocs a szem hátsó széléig ér, vagy azon is túlmegy. Hátúszójának első része sokkal alacsonyabb, mint a hátulsó. Farokúszója jól fejlett, széle kissé ', '2025-04-21 21:05:40', '2025-04-21 21:05:40'),
(46, 'Pontokaszpikus gébfajok', 'CsupasztorkuGeb.jpg', NULL, NULL, NULL, 2, '<p>A horgászok gyakran találkoznak e fajokkal, bár igen ritkán horgásznak rájuk célzottan. E fajok mindegyike a gébfélék családjába tartozik és eredetileg a Fekete-tenger partjai mentén, a Kaszpi-tenger parti vizeiben, valamint a betorkolló folyók alsó szakaszán éltek. Innen elterjedve, maguktól jutottak el a hazai vizekbe is, amit a hajózással az ember legfeljebb gyorsított, emiatt nem tarthatók inváziósnak e fajok. Gradációjuk révén néhol annyira gyakorivá váltak, hogy emiatt akkor is sokszor nagy tömegben kerülnek horogra, ha a horgász célzottan más halfajra pályázik. Az ide tartozó fajok: Ezek mindegyikére jellemző, hogy testük megnyúlt, elöl hengeres, hátsó részén oldalról lapított, a magassága hátrafelé fokozatosan csökken. A fej viszonylag nagy, sokszor széles és vaskos, a szemek magasan ülnek. A száj csúcsba nyíló vagy félig felső állású, gyakran ', '2025-04-21 21:05:40', '2025-04-21 21:05:40'),
(47, 'Idegenhonos, invazív fajok', NULL, NULL, NULL, NULL, NULL, '<p>Természetes körülmények között a fajok a számukra alkalmas és elérhető élőhelyeket meghódítják. Ahol az adott fajok ily módon előfordulnak, azt a fajok természetes előfordulási területének nevezzük. A fajoknak mindössze kis része terjedt el a Föld valamennyi kontinensén vagy valamennyi tengerében a számára alkalmas élőhelyeken. Ezek az ún. kozmopolita fajok. A legtöbb faj esetében azonban valamilyen természetes földrajzi képződmény, pl. egy hegylánc vagy egy tenger jelent olyan akadályt (barriert), amelyen a faj „magától” nem képes átkelni, és újabb területeket meghódítani. Ennek köszönhető, hogy a világ különböző pontjain hasonló élőhelyeket más-más fajok népesítenek be. A biológiai sokféleség kialakulásának és fennmaradásának egyik oka a földrajzi barrierek létezése.</p><p>Sok faj esetében az ember az elmúlt kétezer évben tevékenysége sorá', '2025-04-21 21:05:40', '2025-04-21 21:05:40'),
(48, 'Razbóra', 'Razbora.jpg', NULL, NULL, NULL, 3, '<p>Eredeti hazája az Amur folyótól délre eső terület, Európába véletlenül került az amur és a busafajok ivadékaival. Hazánkban 1963- ban észlelték először. Jelenleg a Kárpát- medencében és a környező területeken él, de terjed. A könnyen felmelegedő nyugodt vizeket kedveli, legnagyobb állományaival a sekély tavakban és az alig mozgó vizű kisebb csatornákban találkozhatunk, de a hegyi patakok kivételével szinte minden típusú vízben fellelhető. Apró termetű faj, a nagyobbak hossza 8-10, legfeljebb 12 cm lehet. Teste megnyúlt, oldalról lapított. A fiatalok nyúlánkabbak, az idősebbek vaskosabbak és zömökebbek, hátuk és faroknyelük magasabb. Hátvonalának íve a hátúszó kezdetéig domború, onnan kezdve enyhén homorú. Feje alacsony és kúpos, orra rövid, a hossza alig nagyobb a szem átmérőjénél. Fölső állású szája kicsi, hasítéka meredeken fölfelé irányul. Hátúszójának', '2025-04-21 21:05:40', '2025-04-21 21:05:40'),
(49, 'Ezüstkárász', 'Ezustkarasz.jpg', NULL, NULL, NULL, 3, '<p>Eredeti hazája Délkelet-Ázsia, de ma már Európa túlnyomó részén megtalálható. Hazánkban az 1954. évi importját követően terjedt el, és ma már legtöbb vizünkben előfordul. Jól alkalmazkodik, a hegyi patakok kivételével szinte minden víztípusban megtalálható. Igazi élőhelyét a dús növényzetű sekély állóvizek jelentik, ahol nagy állományai alakulhatnak ki. Testhossza 20-25 cm, de 40 cm-nél nagyobb is lehet. Teste zömök, oldalról lapított, a feje viszonylag kicsi, de a kopoltyúfedők táján vaskos. Orra a szem átmérőjénél hosszabb, kevésbé lekerekített, mint a széles kárászé, a szája kicsi és csúcsba nyíló. Hátúszójának széle egyenesen levágott vagy kissé homorú (míg a széles kárászé domború). A hátúszó elején lévő csonttüske hátsó oldala durván fogazott, a fogak száma 10-15 (míg a széles kárász sűrűn fogazott ilyen csonttüskéjén 25-30 fog ', '2025-04-21 21:05:40', '2025-04-21 21:05:40'),
(50, 'Törpeharcsa', 'Torpeharcsa.jpg', NULL, NULL, NULL, 3, '<p>A törpeharcsáknak két faja fordul elő nálunk: a XIX. században betelepített és korábban nagy egyedszámú állományt kialakító törpe- harcsa, valamint az 1980-ban behozott, elszaporodásával napjainkban problémát okozó fekete törpeharcsa. Eredeti hazájuk Észak-Amerika. E fajok igazi élőhelye a növényzetben gazdag sekély állóvizek, az áradások által rendszeresen meglátogatott öreg holtágak, amelyekben időnként mértéktelenül képesek elszaporodni. A folyóvizek lassabb áramlású részein is megtalálhatók. Kistermetű fajok, nagyra nőtt példányainak hossza 25-30 cm. Mindkét fajra jellemző a zömök, a fejtájékán felülről, a farokrészén oldalról lapított test. A nagy fej elöl lapos, hátrafelé fokozatosan emelkedik, az orr hosszú, a szem kicsi. A széles szájban sűrű kefefogazat található. A száj körül 8 bajuszszálat viselnek, melyek közül 4 a felső, 4 az alsó állkap', '2025-04-21 21:05:40', '2025-04-21 21:05:40'),
(51, 'Busa', 'Busa.jpg', NULL, NULL, NULL, 3, '<p>A busáknak eredetileg két faját telepítették be hazánkba, a fehér és a pettyes busát. Halgazdaságban továbbra is a növényi planktont hasznosító fehér busát tenyésztik, a természetes vizekbe telepített, illetve kikerült halak össze-ívásából azonban olyan hibrid halak jöttek létre, amik a fehér és a pettyes busára jellemző jegyeket is hordozzák, és szűrőkészülékükkel mind a  növényi, mind az állati planktont hasznosítják. Emiatt a halgazdaságokon kívül – beleértve a horgászatot is – nincs értelme a két eredeti fajt külön kezelni. A busák eredeti hazája Kelet-Kína, ill. az Amur és az attól délre eső folyók vízrendszere. Közép- és Kelet-Európában már sokfelé megtalálhatók, Magyarországra 1963-ban hozták be őket. Eredeti hazájukban folyóvízi halak. A hazai állomány egyaránt megél a folyókban, a tavakban és holtágakban, a víztározókban és a nagyobb csatornákban.', '2025-04-21 21:05:40', '2025-04-21 21:05:40'),
(52, 'Naphal', 'Naphal.jpg', NULL, NULL, NULL, 3, '<p>Eredeti hazája Észak-Amerika, ahol Kanadától Mexikóig elterjedt. Európába akváriumi díszhalként hozták be, mára Nyugat- és Közép-Európa természetes vizeiben széles körben elterjedt. Magyar-országra 1905-ben került és gyorsan meghódította vizeinket. Legnagyobb állományai azokban a sekély állóvizekben alakulnak ki, ahol már van hínárnövényzet, de még nem uralkodott el teljesen. A mély holtágaknak csak a parti részeit lakja. A fiatalabb bányatavakban gyakran nagyon sűrű népessége él. Kisebb-nagyobb folyók lassú áramlású részin előfordul, de nem gyakori. Kistermetű hal, a nagyobb példányok testhossza is csak 10- 15 cm körüli. Teste zömök, igen magas, oldalról erősen lapított. Feje viszonylag nagy, orra rövid, alig hosszabb, mint a szem átmérője. A sügérfélékhez hasonlóan kettős hátúszója összenőtt, nem két külön egységből áll. A kifejlett példányok kopoltyúfedőjén', '2025-04-21 21:05:40', '2025-04-21 21:05:40'),
(53, 'Amurgéb', 'Amurgeb.jpg', NULL, NULL, NULL, 3, '<p>A Távol-Keleten, az Amur középső és alsó folyásánál található eredeti élőhelyéről Európába a múlt század elején, mint akváriumi halat hozták be. Magyarországon 1997-ben tűnt fel. Ez az alvógébfélék családjába tartozó faj a növényekkel benőtt sekély állóvizeket kedveli, elsősorban a kisebb tavakat, de megél a mocsarakban is. Elviseli az oxigénhiányt és azt is, ha télen mindössze néhány centiméternyi víz marad a vastag jégréteg alatt. A folyók főmedrében ritka, de a hullámtéri mélyedésekben, kubikgödrökben és az elöregedett holtágakban sűrű népessége alakulhat ki. Kistermetű hal, a legnagyobb példányok is csak 20- 25 centimétert érnek el. Kissé zömök testű, mérsékelten ívelt hát- és hasvonalú, oldalról enyhén lapított. Nagy fejéhez mérten a szemei kicsinek tűnnek. Vastag ajkakkal keretezett fölső állású szájának szeglete a szem alá ér.  A szájhasít', '2025-04-21 21:05:40', '2025-04-21 21:05:40'),
(55, 'Kecsege', 'Kecsege.jpg', NULL, NULL, 1, 4, '<p>Egyetlen állandóan édes- vízben élő és nem védett tokfélénk. A nagyobb folyók gyorsabb és mély vizű, kavicsos-homokos vagy agyagos szakaszait, meder- részeit kedveli. A tavakban és a duzzasztott folyók üledékes mederszakaszain megél ugyan, de nem szaporodik. Testhossza az 1 métert, testtömege 6-7 kg-ot is elérheti. Orsó alakú, megnyúlt testű hal. Alsó állású szája kicsi, alsó ajka középen megszakított. Teste karcsú, orra keskeny, hosszú, gyengén felfelé hajló. Négy rojtozott bajuszszála viszonylag hosszú, lesimítva eléri a felső ajkat (ez alapján mindegyik védett tokfajunktól és az idegenhonos lénai toktól is elkülöníthető). Hátúszója a test végéhez közel esik. Testének nagyobb része sötétbarna, szürkésbarna vagy feketésbarna, esetleg zöldes vagy kékes árnyalattal. A hasa sárga vagy vörhenyes fehér színű. A sötét alapszínű úszókat rendszerint egy keskeny fehéres ', '2025-04-21 21:05:40', '2025-04-21 21:05:40'),
(56, 'Széles kárász', 'SzelesKarasz.jpg', NULL, NULL, 1, 4, '<p>A növényekben gazdag sekély állóvizek jellemző hala, folyóvizekből csak igen ritkán, áradások idején kerül elő. Nagyobb állományai az öreg holtágakban és a mocsarakban alakulnak ki. Elviseli az oxigénszegény viszonyokat, télen pedig a víz teljes átfagyását is. Közepes méretű faj, hossza 15-25 cm, ritkán 30 cm fölöttire is megnő. Teste zömök, oldalról lapított, háta igen magas. Feje kicsi, homloka meredeken emelkedik, orra tompa. Csúcsba nyíló kicsi száján nincsenek bajuszszálak. Testét nagy pikkelyek fedik, melyek vastagok és erősen ülnek. Hátúszójának széle domborúan lekerekített, az elején lévő csonttüske hátsó oldala sűrűn fogazott, a fogak száma 25-30. Az egészen fiatal példányok faroknyelén – közvetlenül a farokúszó előtt – általában egy körbefutó fekete gyűrű látható, amelyből később csak egy folt marad, majd az idősebbeknél ez is eltűni', '2025-04-21 21:05:40', '2025-04-21 21:05:40'),
(57, 'Vágó durbincs', 'VagoDurbincs.jpg', NULL, NULL, NULL, 4, '<p>A lassabb folyóvizek és a nyíltabb állóvizek hala. Kis növésű halunk, jól fejlett példányai sem haladják meg a 10-15 cm-es hosszúságot. Teste megnyúlt, mérsékelten magas, oldalról összenyomott. Feje és lekerekített orra aránylag hosszú, a szeme nagy. Csúcsba nyíló szája kicsi, fölső állkapcsának vége nem ér a szem alá. Hátúszója hosszú és magas. Az úszó hátulsó részének a széle közel egyenes, és ha a vonalát meghosszabbítjuk, az hegyes szögben metszi a faroknyelet. Farok alatti úszója rövid. Hasúszói előre tolódtak, szinte egy vonalban kezdődnek a mellúszókkal. Pikkelyei közepes nagyságúak. Színe barnás zöld, apró, szabálytalanul elszórt sötétbarna foltokkal tarkítva. Kezdetben a táplálékát planktonszervezetek, később fenéklakó gerinctelenek alkotják. A nagyobb példányok alkalmilag egy-egy apró ivadékhalat is elfogyasztanak. Ívása április és ', '2025-04-21 21:05:40', '2025-04-21 21:05:40'),
(58, 'Természetvédelmi oltalom alatt álló halfajok', NULL, NULL, NULL, NULL, NULL, '<p>A horgásznak feltétlenül fel kell tudnia ismerni a Magyarországon természetvédelmi oltalom alatt álló fajokat, hogy véletlenül se tartsa meg vagy használja fel csalinak őket a kifogható halak helyett. Mivel a védett fajok nem jelentik a horgászat tárgyát, esetükben a biztos meghatározás a kulcsfontosságú. Tilalmi idők és méretkorlátozások híján e fajok biológiai jellemzőinek ismerete nem alapvető elvárás a horgászok, így a horgászvizsgára készülők részére sem. Az alábbiakban ennek megfelelően – és a korábbi csoportosítást követve – a védett fajok biztos meghatározásához használható segédlet található. Ajánlatos e leírások mellett megfelelő képanyagon is tanulmányozni a kérdéses fajokat a felkészülés során.</p>', '2025-04-21 21:05:40', '2025-04-21 21:05:40'),
(59, 'Körszájúak', 'Korszajuak.jpg', NULL, NULL, NULL, 5, '<p>A körszájúak halszerű, de a halaknál fejletlenebb, hosszúkás testű élőlények. Ide tartozik <strong>az</strong><strong> ingolák</strong> valamennyi faja. Jelenleg a hazánkban előforduló ingolákat 3 fajba sorolják a szakemberek. A kisebb testű, 10-12 cm-es példányok a lárvák,    amik vékony, megnyúlt, hengeres test miatt a férgekéhez hasonlítanak, de a férgeknek nincsenek úszóik. A kb. kétszer ekkora kifejlett példányokon a két hátúszó, a farok alatti és a farokúszó egységes úszószegéllyé olvad össze. Fontos bélyeg, hogy az ingoláknak nincsenek  páros úszói, alsó állású, tölcsérszerű szájuk állkapocs nélküli. A szem mögött 7 kopoltyúnyílás látható. Hasonló hozzájuk csak a fiatal angolna lehet, de azoknak állkapcsa és mellúszója van. Az ingolákkal kisebb-nagyobb folyóvizeinkben, ill. annak aljzatában találkozhatunk.</p>', '2025-04-21 21:05:40', '2025-04-21 21:05:40'),
(60, 'Viza', 'Viza.jpg', NULL, NULL, NULL, 5, '<p>A hazai vizekben leggyakrabban horogra kerülő – nem őshonos, fogható – tokféle a lénai tok. Ennek hosszú és sima bajuszszálai közelebb erednek az orrcsúcshoz, mint a nem túl nagy szájnyíláshoz, s hátra simítva a felső ajkat elérik, az alsó ajak pedig középen megszakított. A hatósági jóváhagyással foghatóvá tehető kecsege bajuszszálai szintén elérik a felső ajkat, de a kecsege bajuszszálai rojtozottak. Ezektől a többi – védett – tokfaj a száj és a bajuszszálak mérete, alakja alapján is biztosan elkülöníthető:</p><p>A <strong>viza </strong>bajuszszálai is elérik a felső ajkat, de hatalmas szája szinte a fej egyik szélétől a másikig ér.</p>', '2025-04-21 21:05:40', '2025-04-21 21:05:40'),
(61, 'Sőregtok', 'Soregtok.jpg', NULL, NULL, NULL, 5, '<p>A hazai vizekben leggyakrabban horogra kerülő – nem őshonos, fogható – tokféle a lénai tok. Ennek hosszú és sima bajuszszálai közelebb erednek az orrcsúcshoz, mint a nem túl nagy szájnyíláshoz, s hátra simítva a felső ajkat elérik, az alsó ajak pedig középen megszakított. A hatósági jóváhagyással foghatóvá tehető kecsege bajuszszálai szintén elérik a felső ajkat, de a kecsege bajuszszálai rojtozottak. Ezektől a többi – védett – tokfaj a száj és a bajuszszálak mérete, alakja alapján is biztosan elkülöníthető:</p><p> A <strong>vágótok</strong> és az igen hosszú orral rendelkező <strong>sőregtok</strong> bajuszszálai nem érik el a felső ajkat.</p>', '2025-04-21 21:05:40', '2025-04-21 21:05:40'),
(62, 'Vágótok', 'Vagotok.jpg', NULL, NULL, NULL, 5, '<p>A hazai vizekben leggyakrabban horogra kerülő – nem őshonos, fogható – tokféle a lénai tok. Ennek hosszú és sima bajuszszálai közelebb erednek az orrcsúcshoz, mint a nem túl nagy szájnyíláshoz, s hátra simítva a felső ajkat elérik, az alsó ajak pedig középen megszakított. A hatósági jóváhagyással foghatóvá tehető kecsege bajuszszálai szintén elérik a felső ajkat, de a kecsege bajuszszálai rojtozottak. Ezektől a többi – védett – tokfaj a száj és a bajuszszálak mérete, alakja alapján is biztosan elkülöníthető:</p><p> A <strong>vágótok</strong> és az igen hosszú orral rendelkező <strong>sőregtok</strong> bajuszszálai nem érik el a felső ajkat.</p>', '2025-04-21 21:05:40', '2025-04-21 21:05:40'),
(63, 'Simatok', 'Simatok.jpg', NULL, NULL, NULL, 5, '<p>A hazai vizekben leggyakrabban horogra kerülő – nem őshonos, fogható – tokféle a lénai tok. Ennek hosszú és sima bajuszszálai közelebb erednek az orrcsúcshoz, mint a nem túl nagy szájnyíláshoz, s hátra simítva a felső ajkat elérik, az alsó ajak pedig középen megszakított. A hatósági jóváhagyással foghatóvá tehető kecsege bajuszszálai szintén elérik a felső ajkat, de a kecsege bajuszszálai rojtozottak. Ezektől a többi – védett – tokfaj a száj és a bajuszszálak mérete, alakja alapján is biztosan elkülöníthető:</p><p>A <strong>simatok</strong> ajkai megszakítás nélküliek.</p>', '2025-04-21 21:05:40', '2025-04-21 21:05:40'),
(64, 'Leánykoncér', 'Leanykoncer.jpg', NULL, NULL, NULL, 5, '<p>Folyóvízi halak, utóbbi kettő inkább kisebb vízfolyásokban, míg a leánykoncér a nagy folyókban (főleg a Dunában, Drávában) jellemző.</p><p>Ezek közül a gyakorlatiban igazán csak a <strong>leánykoncér</strong> meghatározása lehet problémás, mivel több hasonló testfelépítésű fogható keszegfajjal összetéveszthető. Leginkább a bodorkával keverhető össze, de annak a szája csúcsba nyíló, szeme nagyobb, szemgyűrűje rendszerint narancsos árnyalatú, míg a leánykoncérnak félig alsó állású a szája, a fejéhez képest kisebb a szeme, szemgyűrűje pedig fehéres. A jászkeszeg szája csúcsba nyíló, pikkelyei apróbbak, számuk az oldalvonalon 55-60, míg a leánykoncér jóval nagyobb pikkelyeket visel: az enyhén ívelt oldalvonala mentén 44-49 pikkely számolható.</p>', '2025-04-21 21:05:40', '2025-04-21 21:05:40'),
(65, 'Nyúldomolykó', 'Nyuldomolyko.jpg', NULL, NULL, NULL, 5, '<p>A kicsi és félig alsó állású szájjal és homorú farok alatti úszóval rendelkező <strong>nyúldomolykó</strong> hasonlít a domolykóra, de annak feje és teste jóval vaskosabb, csúcsba nyíló szájának szöglete elér a szem vonaláig, és farok alatti úszójának a széle domborúan ívelt. Mivel a nyúldomolykó kistermetű hal, a domolykó méretkorlátozását betartva még véletlenül sem fog domolykónak vélt nyúldomolykót megtartani a horgász.</p>', '2025-04-21 21:05:40', '2025-04-21 21:05:40'),
(66, 'Petényi-márna', 'PetenyiMarna.jpg', NULL, NULL, NULL, 5, '<p>A márnához nagyon hasonlító <strong>Petényi-márna</strong> szintén kis növésű hal, a márna méretkorlátozását betartva véletlenül sem fog márnának vélt Petényi-márnát megtar- tani a horgász. Igen jó fajbélyeg a hátúszó első úszósugara, ami a márnánál kemény, fogazott csonttüske – ilyet nem találunk a Petényi-márnánál. Emellett a farok alatti úszó hátra simítva a márnánál meg sem közelíti a farokúszó tövét, míg a Petényi-márna farok alatti úszója hátra simítva megközelíti vagy el is éri azt.</p>', '2025-04-21 21:05:40', '2025-04-21 21:05:40'),
(67, 'Lápi póc', 'LapiPoc.jpg', NULL, NULL, NULL, 5, '<p>Az apró <strong>lápi póccal</strong> kisebb, mocsaras állóvizekben vagy csatornákban találkozhatunk. Jellegzetes, zömök testalkata és barnás, finom fekete mintázatú színe miatt kevés fajjal lehet összetéveszteni, egyedül a hasonló életteret kedvelő amurgéb emlékeztet jobban rá, de az amurgébnek két hátúszója van, míg a lápi pócnak csak egy.</p>', '2025-04-21 21:05:40', '2025-04-21 21:05:40'),
(68, 'Fürge cselle', 'FurgeCselle.jpg', NULL, NULL, NULL, 5, '<p>Az áramvonalas, orsószerű <strong>fürge cselle </strong>egy kistermetű, pataklakó halfaj.  Lekerekített, tompa orra, nagyon apró pikkelyei, valamint az oldalát díszítő, olykor sötétebb, máskor világosabb, de azért észre-vehető foltsor minden más halunktól megkülönbözteti. Ezekre figyelve más hazai fajjal nem téveszthető össze.</p>', '2025-04-21 21:05:40', '2025-04-21 21:05:40'),
(69, 'Kurta baing', 'KurtaBaing.jpg', NULL, NULL, NULL, 5, '<p>Az apró <strong>kurta baing </strong>felső állású szája meglehetősen nagy, de mivel szájhasítéka meredeken felfelé irányul, szájszöglete nem éri el a szem vonalát. A faj egyik legjellemzőbb bélyege, hogy oldalvonala rövid, csupán az első 7-12 pikkelyen látható, azonban több pontyféle ivadékával is összetéveszthető, mivel azok fiatal példányain az oldalvonal gyakran nem látszik végig. A szélhajtó küsz teste oldalról lapítottabb, farok alatti úszója pedig hosszabb, mint a kurta baingnál. A balin szájhasítéka csak enyhén irányul fölfelé, szöglete viszont a szem alá ér. A domolykó szája csúcsba nyíló, farok alatti úszója pedig rövidebb.</p>', '2025-04-21 21:05:40', '2025-04-21 21:05:40'),
(70, 'Sujtásos küsz', 'SujtasosKusz.jpg', NULL, NULL, NULL, 5, '<p>A <strong>sujtásos küsz </strong>patakok, kisebb folyók lakója. Szája kicsi, csúcsba nyíló, de oldalról nézve a szájhasíték enyhén fölfelé irányul. Az oldalvonal fölött és alatt fekete pontokból álló sujtás húzódik, ami főleg a test elején és a szaporodás időszakában feltűnő. Úszói világosszürkék, de mell- és hasúszóinak töve vörhenyes. A közeli rokon szélhajtó küsz szája fölső állású, háta alacsonyabb, mellúszójának töve pedig szürke, a valamennyire hasonlító balin szája nagyobb, egészen a szeme alá ér.</p>', '2025-04-21 21:05:40', '2025-04-21 21:05:40'),
(71, 'Szivárványos ökle', 'SzivarvanyosOkle.jpg', NULL, NULL, NULL, 5, '<p>A <strong>szivárványos ökle </strong>egy magas testű, oldalról erősen lapított, igen apró termetű hal, amelynek mind a háta, mind a hasa erősen ívelt. Orra rövid és tompa, szája kicsi és csúcsba nyíló. A szeme nagy, átmérője körülbelül meg- egyezik az orr hosszával. Az ivadék és a felnőtt példányok faroknyelén egyaránt egy fémes csillogású  kékeszöld sáv látható, ami igen jó megkülönböztető bélyeg.</p>', '2025-04-21 21:05:40', '2025-04-21 21:05:40'),
(72, 'Küllők', 'FenekjaroKullo.jpg', NULL, NULL, NULL, 5, '<p>A <strong>küllőfajok </strong>(<strong>fenékjáró</strong> <strong>küllő,</strong> <strong>halványfoltú</strong> <strong>küllő,</strong> <strong>felpillantó</strong> <strong>küllő,</strong> <strong>homoki</strong> <strong>küllő</strong>) mindegyikére jellemző az apró termet, a hengeres test, az alsó állású száj és annak tövében kétoldalt az 1-1 bajuszszál. Ennél többet nem kell tudnia róluk a horgásznak: ha küllőt fog, mindegy, hogy melyik fajról van szó, mindegyik védett. Az alkatra hasonló márna és Petényi- márna esetében 2-2 bajuszszálat találunk a száj két oldalán, de – szerencsére – még ezekkel összekeverve sem hibázhat nagyot a horgász, hiszen azokat is vissza kell ereszteni nyomban (egyiket a méretkorlátozás, másikat a védettség miatt).</p>', '2025-04-21 21:05:40', '2025-04-21 21:05:40'),
(73, 'Csíkok', 'Reticsik.jpg', NULL, NULL, NULL, 5, '<p>A <strong>csíkfajok </strong>(<strong>réticsík,</strong><strong> vágócsík, törpecsík, kövicsík</strong>) mindegyikére jellemző a hengeres test, az alsó állású, húsos ajkakkal keretezett száj, amit sok (6 vagy 10) rövid, pár mm-es bajuszszál keretez. Ennél többet nem kell tudnia róluk a horgásznak: ha csíkot fog, mindegy, hogy melyik fajról van szó, mindegyik védett. A hosszú és akár 30 cm-esre is megnövő réticsík emlékeztethet az angolnára, de annak nincsenek bajuszszálai, nincs hasúszója és nem különálló, rövid a hátúszó  és farok alatti úszó. A kis törpeharcsák hosszú bajuszszálakat viselnek csúcsba nyíló nagy szájuk körül, emellett testük nem hosszúkás-hengeres, fejük pedig lapos.</p>', '2025-04-21 21:05:40', '2025-04-21 21:05:40'),
(74, 'Kölönték', 'BotosKolonte.jpg', NULL, NULL, NULL, 5, '<p>A <strong>kölönték </strong>pataklakó halak. Hazánkban a <strong>botos kölönte</strong> előfordulására lehet számítani, a <strong>cifra kölöntét</strong> legfeljebb a folyók felső szakaszáról lesodródó példányok képviselhetik. A kölönték mindegyikére jellemző az elöl hengeres, hátulsó részén oldalról összenyomott, megnyúlt test, a széles, felülről lapított fej, nagy, csúcsba nyíló száj, a magasan elhelyezkedő szemek. Igen fontos jellemző, hogy a kölönték testén nincsenek pikkelyek, hasúszóik pedig különállók. A hazánkban előforduló hal- fajok közül csak a gébek hasonlítanak hozzájuk, de a gébek testét pikkelyek borítják, fejük keskenyebb, a hasúszóik pedig összenőve tapadókorongot alkotnak. A kölönték két fajának elkülönítését nem szükséges ismerni, hiszen mindegy, hogy melyik fajról van szó, mindegyik védett.</p>', '2025-04-21 21:05:40', '2025-04-21 21:05:40'),
(75, 'Selymes durbincs', 'SelymesDurbincs.jpg', NULL, NULL, NULL, 5, '<p>A sodrást kedvelő <strong>selymes</strong><strong> durbincs </strong>teste megnyúlt, oldalról összenyomott. Feje és orra hosszú, a szeme nagy. Kis szája csúcsba nyíló vagy félig alsó állású. Hátúszója igen hosszú és elég magas. Alapszíne zöldessárga, hátán és oldalán 3-4 sötétbarna, helyenként megszakadó, keskeny hosszanti csík húzódik, ami alapján minden más halfajtól könnyen elkülöníthető.</p>', '2025-04-21 21:05:40', '2025-04-21 21:05:40'),
(76, 'Széles durbincs', 'SzelesDurbincs.jpg', NULL, NULL, NULL, 5, '<p>A <strong>széles durbincs </strong>zömök, magas testű, oldalról lapított és néhány szabálytalan harántsávval mintázott barnás sügérféle. A hátúszó hátulsó részének széle domború, és ha a vonalát meghosszabbítjuk, az megközelítőleg derékszögben metszi a faroknyelet. Nagyon hasonlít hozzá a vágó durbincs, de annak oldalát csak szabálytalanul elszórt sötét-barna foltok tarkítják, és a hátúszó szegélyvonalának lefutási iránya más. A sügér zöldes sávozottsága kifejezettebb, és az első hátúszója végén egy fekete foltot visel. Mivel a vágó durbincs sem fogható, elegendő, ha a horgász felismeri, hogy vágó vagy széles durbincsot fogott, hiszen különböző okból, de mindegyiket nyomban vissza kell engednie.</p>', '2025-04-21 21:05:40', '2025-04-21 21:05:40'),
(77, 'Bucók', 'MagyarBuco.jpg', NULL, NULL, NULL, 5, '<p>A <strong>bucók </strong>erősen megnyúlt, hengeres testű folyóvízi sügérféle ragadozók. Fejük hosszú és széles, fölülről enyhén lapított. Az orr hosszú, körülbelül kétszerese a nagyméretű szem átmérőjének. A száj közepes nagyságú, teljesen alsó állású.</p><p>A <strong>magyar bucó </strong>nagyobbra nő, testét általában szabálytalan alakú sötét foltok mintázzák, míg a kisebbre növő <strong>német</strong><strong> bucó </strong>oldalát rendszerint igen határozott szélű ferde sávok díszítik, emellett faroknyele sokkal vékonyabb és első hátúszója rövidebb. A bucók egyedi kinézete alapján biztonságosan elkülöníthetők minden más fajtól. A süllőt és kősüllőt a csúcsba nyíló száj, a fogak, a foltozott kettős hátúszó és a testmintázat teszi a bucóktól teljesen eltérővé.</p>', '2025-04-21 21:05:40', '2025-04-21 21:05:40'),
(78, 'Dunai nagyhering', 'DunaiNagyhering.jpg', NULL, NULL, NULL, 5, '<p>A <strong>dunai nagyhering </strong>megnyúlt, oldalról lapított testű heringféle. A szája nagy, csúcsba nyíló, felső állkapcsának szeglete túlér a szem középvonalán. Az állkapcsokat, a szájpadlást, az ekecsontot és a nyelvet jól fejlett fogak borítják. Hasának alján  a pikkelyek fűrészes élt alkotnak, szemének elülső és hátulsó részét pedig szemhéj védi. A hosszú, mélyen bemetszett farokúszó tövénél az úszóra rányúló két hosszúkás pikkelylemezt visel. Szemhéja, hosszúkás pikkelylemezei és fűrészes haséle a hazai halfajoktól jól megkülönbözteti.</p>', '2025-04-21 21:05:40', '2025-04-21 21:05:40'),
(79, 'Gyöngyös koncér', 'GyongyosKoncer.jpg', NULL, NULL, NULL, 5, '<p>A <strong>gyöngyös koncér </strong>megnyúlt, oldalról kevéssé lapított testű, nagyra megnövő dunai keszegféle. Orra tompa, félig alsó állású szája aránylag kicsi. Pikkelyeinek száma az oldalvonalon 62-67, azaz sok apró pikkelyt visel. Leginkább szintén védett nyúldomolykó hasonlít hozzá, de annak nagyobbak a pikkelyei (annak oldalvonalán a pikkelyek száma kisebb, 46 és 53 között változik). A domolykónak is kevesebb a pikkelye az oldalvonal mentén, ráadásul annak szája csúcsba nyíló. A leánykoncérnak is kevesebb (44-49) pikkelye van.</p>', '2025-04-21 21:05:40', '2025-04-21 21:05:40'),
(80, 'Vaskos csabak', 'VaskosCsabak.jpg', NULL, NULL, NULL, 5, '<p>A <strong>vaskos csabak </strong>erősen megnyúlt, hengeres, oldalról kevéssé lapított, kistestű hal, ami a folyók felső szakaszán él. Nálunk csak a Felső-Tiszában lehet felbukkanására számítani. Félig alsó állású szája a kissé előrenyúló, tompa orr alatt található. Narancsszínű oldalvonala fölött az orrtól a farokúszóig egy kékesszürke sáv húzódik. Testformája és szájállása a szintén védett nyúldomolykóéhoz és gyöngyös koncéréhoz hasonló, de narancsszínű oldalvonal és a fölötte húzódó kékesszürke sáv alapján nemcsak tőlük, hanem minden más fajtól jól megkülönböztethető.</p>', '2025-04-21 21:05:40', '2025-04-21 21:05:40'),
(81, 'Pénzes pér', 'PenzesPer.jpg', NULL, NULL, NULL, 5, '<p>A <strong>pénzes pér </strong>egy hegyi folyókra jellemző pisztrángféle. Teste megnyúlt, mérsékelten magas, oldalról összenyomott. Csúcsba nyíló szája aránylag kicsi, fölső állkapcsának hátsó vége legfeljebb a szem elejének vonaláig ér. Oldalai ezüstös színűek, elszórtan apró fekete vagy sötétszürke pettyekkel. Hátúszója a többi pisztrángféléhez képest magas és hosszú, benne 13-17 elágazó sugár van. Hosszú és magas hátúszója a többi zsírúszót viselő pisztrángfélétől jól elkülöníthetővé teszi, a pontyféléknek pedig nincs zsírúszója.</p>', '2025-04-21 21:05:40', '2025-04-21 21:05:40'),
(82, 'Dunai galóca', 'DunaiGaloca.jpg', NULL, NULL, NULL, 5, '<p>A <strong>dunai galóca </strong>a legnagyobbra megnövő pisztrángféle a Duna vízrendszerében. A folyók felső szakaszán érzi jól magát, nálunk inkább csak lesodródó példányok jelennek meg. Oldalról enyhén lapított teste erősen megnyúlt, hossza a testmagasságnak legalább négyszerese. Feje nagy, hosszabb, mint a test magassága. A szeme kicsi, átmérője mintegy fele az orr hosszának. Nagy, csúcsba nyíló szájában erős fogak ülnek, fölső állkapcsa túl ér a szem hátsó szélének vonalán. Pikkelyei igen aprók, számuk az oldalvonalon 180 és 200 között változik. Ezüstös színű testét és fejét apró sötét foltok díszítik, melyek gyakran X vagy félhold alakúak. Leginkább a pisztrángokkal téveszthető össze, de azok orra tompább, testük zömökebb. A sebes pisztrángot a fekete mellett  legtöbbször piros pettyek is díszítik, és oldalvonalán 115-130 pikkely van. A szivárv', '2025-04-21 21:05:40', '2025-04-21 21:05:40'),
(83, 'A horgászetika szabályai', NULL, NULL, NULL, NULL, NULL, '<p>A horgászat etikai szabályai azok az <strong>emberi magatartásbeli normák</strong>, amelyeket a kulturált ember, a horgász megad másoknak és elvár másoktól. Ezek egy része, mint az korábban olvasható volt, mára beépült jogszabályainkba, megsértésük szankcionálható, míg mások továbbra is <strong>íratlan normák</strong>, azonban betartásuk éppen úgy elvárható, mint jogszabályban szereplő társaiké. A horgászok vízparti magatartása alapján ítélik meg az egész horgásztársadalmat, ezért fokozottan ügyeljünk a viselkedési normák betartására!</p><p>A horgász a vizek partján kikapcsolódva, a halfogáson keresztül élményt szerezve, felfrissülve mindig a <strong>sportszerű horgászatra</strong>, a szabályok betartására, a természeti környezettel való összhangra, és nem mindenáron történő halfogásra törekszik.</p><p><strong>A horgászok kikapcsolódásának lényege ', '2025-04-21 21:05:40', '2025-04-21 21:05:40'),
(84, 'A Horgász egyesületek', NULL, NULL, NULL, NULL, NULL, '<p>Horgász egyesületek alapműködés szerint elvárható feladatai:</p><ul><li>Horgászati feltételek biztosítása, körülmények javítása a tagok számára</li><li>Tagsági viszonyok kezelése, érdekvédelem, oktatás, nevelés</li><li>Kapcsolattartás a területi szövetséggel</li><li>Gyermek- és ifjúsági horgászat népszerűsítése</li><li>Egyesületi vagyon kezelése, horgászathoz kapcsolódó szolgáltatások nyújtása</li></ul>', '2025-04-21 21:05:40', '2025-04-21 21:05:40'),
(85, 'Egyesületi tagságból eredő jogok és kötelezettségek', NULL, NULL, NULL, NULL, NULL, '<ul><li>Az egyesület tagja jogosult az egyesület tevékenységében részt venni.</li><li>Az egyesület tagjait egyenlő jogok illetik meg és egyenlő kötelezettségek terhelik, kivéve, ha az alapszabály különleges jogállású tagságot határoz</li><li>A tag tagsági jogait személyesen A tag tagsági jogait akkor gyakorolhatja képviselőn keresztül, ha azt az alapszabály lehetővé teszi. A tagsági jogok forgalomképtelenek és nem örökölhetők.</li><li>A tagok – a tagdíj megfizetésén túl – az egyesület tartozásaiért saját vagyonukkal nem</li><li>Az egyesület tagja köteles az alapszabályban meghatározott tagi kötelezettségek teljesítésére.</li></ul><p>Az egyesület tagja nem veszélyeztetheti az egyesület céljának megvalósítását és az egyesület tevékenységét.</p>', '2025-04-21 21:05:40', '2025-04-21 21:05:40'),
(86, 'Horgászszervezetek', NULL, NULL, NULL, NULL, NULL, '<p>A halgazdálkodási törvény értelmében, <strong>a horgászszervezeti egyesületi tagság kötelező a horgászok részére a gyermek horgászok (3-14 év) kivételével.</strong> A horgászszervezetek elsődleges feladata a horgászok érdekvédelme. A horgász egyesületek szövetségekbe tömörülhetnek – ami nem kötelező jellegű –, melyek közül a legismertebb a Magyar Országos Horgász Szövetség, a MOHOSZ.</p>', '2025-04-21 21:05:40', '2025-04-21 21:05:40'),
(87, 'A halászati őrök feladata', NULL, NULL, NULL, NULL, NULL, '<p>A halászati őrök feladata a halászatra jogosult halgazdálkodási terv alapján hasznosított <strong>halgazdálkodási vízterületének őrzése, a benne található halállomány, és élőhelyének a védelme</strong>.</p><p>A halászati őr a rendészeti feladatokat ellátó személyek, valamint a fegyveres biztonsági őrök ruházati ellátására vonatkozó részletes szabályokról szóló 70/2012. (XII. 14.) BM rendeletben <strong>meghatározott formaruhát köteles viselni</strong>, a formaruha felsőruházatának bal ujján a halászati <strong>őri tevékenység megnevezését tartalmazó jelzést</strong> felvarrással, hímzéssel vagy tépőzárral kell rögzítenie. A halászati <strong>őri jelvényt</strong> a formaruházat felső ruházati viseletelemeinek mellzsebén, bal oldalt a zsebfedő alatt, a rögzítő gombjára gombolva, vagy az annak megfelelő helyre tűzve kell viselnie.</p>', '2025-04-21 21:05:40', '2025-04-21 21:05:40'),
(88, 'A halászati őr kötelezettségei a működési területén', NULL, NULL, NULL, NULL, NULL, '<ul><li>A halászati őr munkavégzése közben <strong>köteles intézkedni vagy intézkedést kezdeményezni</strong>, ha illetékességi területén, a törvényben meghatározott feladatai ellátása során jogszabálysértő tényt, tevékenységet, mulasztást észlel vagy olyan tényt, tevékenységet, mulasztást hoznak tudomására, amely törvényben meghatározott feladatai ellátásával összefüggő ügyben beavatkozást tesz szükségessé,</li><li>Intézkedése megkezdése előtt <strong>köteles</strong><strong> szolgálati igazolványát felmutatni</strong>. Ha a szolgálati igazolványának felmutatása az intézkedés megkezdése előtt veszélyeztetné az intézkedés eredményességét, úgy azt az intézkedés befejezésekor köteles felmutatni,</li><li>A halászati őr által alkalmazott intézkedés <strong>nem okozhat olyan hátrányt, amely nyilvánvalóan nem áll arány', '2025-04-21 21:05:40', '2025-04-21 21:05:40'),
(89, 'A halászati őr által alkalmazható intézkedések', NULL, NULL, NULL, NULL, NULL, '<p>A halászati őr az illetékességi területén jogosult:</p><ul><li>azt a személyt, aki a halgazdálkodási vízterületen, annak partján halászik, horgászik, hal kifogására irányuló tevékenységet végez vagy ahhoz előkészül, a halfogásra jogosító <strong>okmányok bemutatására felszólítani</strong>,</li><li>a horgászó személyt a birtokában lévő hal kifogására <strong>való jogosultságának igazolására felszólítani</strong>, a kifogott halat a vízbe kíméletesen visszahelyeztetni, az élettelen halat elismervény ellenében visszatartani,</li><li><strong>a kifogható mérettartományon kívüli, a területi jegyen meghatározott mennyiségen felüli, a tilalmi időben kifogott, valamint a védett halat és más hasznos víziállatot</strong> a vízbe kíméletesen visszahelyeztetni, az élettelen halat elismervény ellenében az egyes rendészeti feladatokat ellátó ', '2025-04-21 21:05:40', '2025-04-21 21:05:40'),
(90, 'Társadalmi halőr fogalma, jogállása', NULL, NULL, NULL, NULL, NULL, '<p>A Hhvtv. annak érdekében, hogy a halászati őrzés szélesebb körben megvalósulhasson bevezette a társadalmi halőr intézményét. A társadalmi halőröket a halgazdálkodásra jogosult kérelmére a halgazdálkodási hatóság bízza meg az illetékességi területén, ha a halászati őrzés és a halállomány védelem biztosítása érdekében indokolt.</p>', '2025-04-21 21:05:40', '2025-04-21 21:05:40'),
(91, 'Társadalmi halőr intézkedési jogosultságai', NULL, NULL, NULL, NULL, NULL, '<p>A <strong>társadalmi halőr a halászati őrnél szűkebb körű intézkedési jogosultságokkal bír</strong>, azonban azokat az alapvető ellenőrzési feladatokat elláthatja, amelyek elégségesek jogsértés esetén a feljelentés elkészítéséhez, így halgazdálkodási hatósági eljárás kezdeményezéséhez. A társadalmi halőr jogosult tehát:</p><ul><li>a halfogásra jogosító <strong>okmányok ellenőrzésére</strong> és azok átvételére,</li><li>halászati, horgászati jogsértés gyanúja esetén a halfogásra jogosító okmányok visszatartására a halászati őrnek történő átadásáig, illetve bűncselekmény vagy <strong>szabálysértés gyanúja esetén a halfogásra jogosító okmányok visszatartására a halászati őr vagy a rendőrség megérkezéséig</strong>,</li><li><strong>a kifogott hal fajának, méretének, tömegének ellenőrzésére</strong>, valamint halásza', '2025-04-21 21:05:40', '2025-04-21 21:05:40'),
(92, 'A halászati igazgatás', NULL, NULL, NULL, NULL, NULL, '<p>Az eddig taglalt szabályok és előírások csak akkor tarthatóak be hatásosan, ha mindezen előírásokat egy hatóság felügyeli. A jogszabály ezeket a feladatokat a halgazdálkodási hatóság hatáskörébe utalta. A bevezetőben már kitértünk arra, hogy pontosan milyen hierarchia alapján épül fel a halászati hatóság, milyen szervezet tekintendő első vagy másodfokú halászati hatóságnak, és mely intézmények a felügyeleti szerveik.</p><p><strong>A halgazdálkodási szabályok és a halgazdálkodással összefüggő állami feladatok végrehajtását a halgazdálkodási hatóság végzi</strong>.</p>', '2025-04-21 21:05:40', '2025-04-21 21:05:40'),
(93, 'A halvédelmi bírság', NULL, NULL, NULL, NULL, NULL, '<p>A halgazdálkodási hatóság halvédelmi bírságot szab ki</p><ul><li>a jogosulatlanul horgászó</li><li>a jogosulatlanul halászó</li><li>a fogási napló vezetését elmulasztó</li><li>a törvény által nem megengedett módon, eszközzel vagy tilalmi időben horgászó vagy halászó</li><li>a természetvédelmi oltalom alatt álló vagy nem fogható hal és más hasznos víziállat kifogását (gyűjtését) megvalósító</li><li>a halgazdálkodási kíméleti területen a tilalom feloldásáig a hal szaporodását és fejlődését zavaró halászati, horgászati vagy egyéb tevékenységet – ideértve gépi meghajtású vízi jármű használatát –, vadászatot, fürdőzést végző</li><li>a halfogásra jogosító okmányok nélkül halfogásra alkalmas állapotban lévő eszközzel halgazdálkodási vízterületen vagy annak partján tartózkodó és a § (2) bekezdés <em>a)</em> pontja szerinti pótlást elmulas', '2025-04-21 21:05:40', '2025-04-21 21:05:40'),
(94, 'Eltiltás, horgászjegy visszavonása', NULL, NULL, NULL, NULL, NULL, '<p>A halvédelmi bírságnál kell megemlítenünk egy másik szankciót, nevezetesen az állami horgászjegy visszavonását, illetőleg kiváltásától történő eltiltást.</p><p>Állami horgászjegy nem adható annak a személynek – a bírság jogerős kiszabásától számított három hónaptól három évig terjedő időtartamra – akivel szemben halvédelmi bírságot szabtak ki.</p><p>Az állami horgászjegyet a halgazdálkodási hatóság visszavonja attól a személytől</p><ul><li>aki ezen okmányát a helyszíni ellenőrzéskor nem tudja felmutatni és mulasztását a halgazdálkodási hatóságnál 10 napon belül nem pótolja,</li><li>akivel szemben halvédelmi bírságot szabtak ki,</li><li>akinek a horgászattal, a halászattal vagy a hal fogásával összefüggésben szabálysértési vagy büntetőjogi felelősségét megállapították,</li><li>aki tiltott eszközzel vagy módon halászik vagy ho', '2025-04-21 21:05:40', '2025-04-21 21:05:40'),
(95, 'A vízparton betartandó fontosabb biztonsági szabályok', NULL, NULL, NULL, NULL, NULL, '<p>A horgászok környezetvédők és ennek mindig meg kell mutatkozni magatartásukban, ezért óvják a vizek állat és növényvilágát. A horgászok szervezetei pedig jelentős anyagi áldozatvállalással pótolják, értékes halfajokkal fejlesztik a vizek halállományát.</p><p>A vizek környezetének védelméből fakadóan a horgászat során tilos a vízi és vízparti élőhelyek károsítása, a halak szándékos zavarása. Az észlelt víz- és környezetszennyezést, kivált a halpusztulást és a halbetegséget a horgász haladéktalanul jelentse a horgászrend mellékletében megtalálható tájékoztató anyagnak megfelelően a vízhasznosítónak, a halőrnek, az illetékes környezetvédelmi, vízügyi felügyelőségnek, a halászati hatóságnak, vagy más hivatalos személynek, szervnek!</p><p>Az etetés a horgászat eredményességét segíti.  Etetőanyagot megfelelő minős', '2025-04-21 21:05:40', '2025-04-21 21:05:40'),
(96, 'A csónakból történő horgászat fontosabb szabályai', NULL, NULL, NULL, NULL, NULL, '<p>Horgászni csak a vízi közlekedési rend elsődlegességének betartásával szabad. A horgászat során az esetleg használt karót, bóját a horgászat befejeztével a vízből el kell távolítani. A csónak tulajdonosa köteles gondoskodni arról, hogy a csónak felszereltsége és műszaki állapota a mindenkori rendeleti előírásoknak megfeleljen. A csónak vezetője köteles a Hajózási Szabályzat rendelkezései szerint vezetni a vízi járművet. A csónakkal  kellő távolságban kell elhaladni a partról, a horgászállásokról vagy csónakból horgászók bevetett felszereléseitől. Motoros vízijármű használata esetén a sebességet csökkenteni kell a indokolatlan hullámverés elkerülése érdekében.</p><p>A víziközlekedés fontosabb szabályait a víziközlekedés rendjéről szóló 57/2011. (XI. 22.) NFM rendelet szabályozza, amelynek bizonyos részeit a csónakbó', '2025-04-21 21:05:40', '2025-04-21 21:05:40'),
(97, 'Vízijármű vezetőjére vonatkozó szabályok', NULL, NULL, NULL, NULL, NULL, '<p>Csónakot és nyilvántartásba vételre nem kötelezett vízi sporteszközt, ha jogszabály eltérően nem rendelkezik – az vezethet, aki</p><ul><li>a 14. életévét – gépi hajtású vízijármű esetében életévét – betöltötte,</li><li>úszni tud,</li><li>a vezetésben kellő gyakorlattal rendelkezik és</li><li>ismeri az a Hajózási szabályzat rendelkezéseit, valamint az igénybe vett vízterület</li></ul><p>sajátosságait.</p><p>Ha több személy tartózkodik a csónakban vagy nyilvántartásba vételre nem kötelezett vízi sporteszközön, indulás előtt 16. életévét – gépi hajtású vízijármű esetében 17. életévét – betöltött, valamint a fentiekben ismertetetteknek megfelelő vezetőt kell kijelölni.</p>', '2025-04-21 21:05:40', '2025-04-21 21:05:40'),
(98, 'Csónakkal való közlekedés szabályai', NULL, NULL, NULL, NULL, NULL, '<p>Csónakkal, vízi sporteszközzel és kishajóval a parttól vagy kikötőhelyről elindulni és menetirányt változtatni akkor szabad, ha az a víziközlekedés más résztvevőit nem zavarja és vízben tartózkodó személyt nem veszélyeztet.</p><p>Csónak vagy vízi sporteszköz más hajóval történő találkozás, keresztezés és előzés esetében a kishajóra vonatkozó szabályokat alkalmazza.</p><p>Ha azonos hajtású kishajók vagy csónakok vagy vízi sporteszközök (a vitorlával haladók kivételével) egymás útvonalát keresztezik, a jobbról érkezőnek van elsőbbsége.</p><p>A gépi erővel hajtott kishajó, csónak és vízi sporteszköz, valamint a nem gépi erővel és nem vitorlával hajtott csónak és vízi sporteszköz találkozáskor és keresztezéskor köteles a vitorlával haladó kishajó, csónak és vízi sporteszköz útjából kitérni.</p><p>A gépi erővel hajtott kishajó', '2025-04-21 21:05:40', '2025-04-21 21:05:40'),
(99, 'Csónak felszerelése, és biztonsági előírásai', NULL, NULL, NULL, NULL, NULL, '<p>A kishajó és a csónak a víziközlekedésben csak a biztonsági előírások megtartásával vehet részt.</p><p>Ha a csónak és kishajó használatakor a megengedett legkisebb biztonsági távolság – ideiglenesen – nem tartható meg, a csónakban és kishajóban tartózkodó személyek mentőmellényt viselni kötelesek.</p><p>A csónakból és kishajóból indulás előtt – és szükség esetén menetben is – el kell távolítani a stabilitását és úszóképességét befolyásoló mennyiségű vizet.</p><p>A kishajó és a csónak legkisebb biztonsági távolsága:</p><ul><li>a Balatonon 0,3 m,</li><li>más vízterületen 0,25</li></ul><p>Biztonsági távolság: a kishajó vagy a csónak vízmentes oldala, illetve fartükre felső szélének legmélyebb pontja és a tényleges merülési sík közötti legkisebb távolság.</p><p>Csónak az alábbi alapfelszereléssel közlekedhet:</p><', '2025-04-21 21:05:40', '2025-04-21 21:05:40'),
(100, 'A csónak használata', NULL, NULL, NULL, NULL, NULL, '<p>A menetben levő csónakban tartózkodóknak – a csóváló evezést (védlizés), csáklyázást vagy más munkát végző személy kivételével – tilos állni.</p><p>A csónak vezetője a beszállás előtt köteles tisztázni, hogy a csónakban helyet foglaló személyek tudnak-e úszni és azok nyilatkozata, továbbá a Hajózási szabályzat rendelkezései alapján a mentőfelszerelés elhelyezéséről, továbbá alkalmazásra való készenlétéről köteles gondoskodni.</p><p>Vízen levő (közlekedő vagy veszteglő) csónakban tartózkodó úszni nem tudó, valamint 14 évnél fiatalabb személy, továbbá vízi sporteszközön közlekedő minden személy köteles mentőmellényt viselni.</p><p>Csónak vagy vízi sporteszköz vezetését a Hajózási szabályzat egyéb rendelkezéseinek megtartásával csak partközelben, hajóúton kívül, kikötőben az üzemeltető által kijelölt részen, motoros vízi sporteszk', '2025-04-21 21:05:40', '2025-04-21 21:05:40'),
(101, 'Alapvető horgászmódszerek', NULL, NULL, NULL, NULL, NULL, '<p>A Hhvtv. alapján:</p><p><strong>A horgászat:</strong> rekreációs célból a halgazdálkodási vízterületen a halnak megengedett módon és horgászkészséggel vagy a csalihalnak 1 négyzetméternél nem nagyobb emelőhálóval való fogása.</p><p><strong>A horgászkészség:</strong> horgászati célú, halfogásra alkalmas eszköz, amely legalább horgászbotból, horgászzsinórból áll, és legfeljebb három horoggal van felszerelve.</p><p>A horgászmódszereket a bot, zsinór, csali elhelyezés, felkínálás, bevetés, vezetés, használat stb. alapján az alábbiak szerint csoportosíthatjuk.</p>', '2025-04-21 21:05:40', '2025-04-21 21:05:40'),
(102, 'Úszós horgászmódszerek', NULL, NULL, NULL, NULL, NULL, '<p>E módszereknél a hal kapását a vízfelszínen látható úszó jelzi, illetve az úszó tartja a vízoszlop kívánt részén a csalit.</p>', '2025-04-21 21:05:40', '2025-04-21 21:05:40'),
(103, 'Spiccbotozás', NULL, NULL, NULL, NULL, NULL, '<p>Jellegzetes kezdő, illetve kishal-, csalihalfogó, egyszerű módszer, ugyanakkor gyorsasága miatt kedvelt és eredményes versenymódszer is. A rövidebb botok kis súlya és csekély nyélátmérője miatt a kezdő kisgyermekek is gyakorolhatják. A zsinór egyik vége a bot (3, 4, 5, 6, 7 m hosszú) elkeskenyedő végére, a spiccre van rögzítve, a zsinór másik végén előkén vagy direktbe kötve kisméretű horog található. Az általában könnyű, finom úszót rendszerint néhány darab sörétólom tartja egyensúlyban. A kész szerelék a bothossznál kicsit rövidebb, így kényelmesen használható kishalak horgászatára, mivel a hal súlya alatt meghajló bottal éppen kézhez lehet lendíteni a kisebb halakat. A nagyobbak fárasztása ezzel a felszereléssel már némi gyakorlatot kíván, és azok kiemeléséhez természetesen merítőháló használata is szükséges.</p>', '2025-04-21 21:05:40', '2025-04-21 21:05:40'),
(104, 'Horgászat bolognai bottal', NULL, NULL, NULL, NULL, NULL, '<p>A bolognai bot jellegzete<strong> 4-9 m hosszú, karcsú, könnyű, felgyűrűzött és orsóval felszerelt úszós bot</strong>. Precíz, egy helyben történő állóvízi horgászathoz vagy folyóvízi úsztatáshoz alkalmazható. Lényeges a bot hossza miatt annak csekély súlya, valamint a finom szerelék (0,12-0,18 mm-es damil).</p>', '2025-04-21 21:05:40', '2025-04-21 21:05:40'),
(105, 'Matchbotos horgászat', NULL, NULL, NULL, NULL, NULL, '<p>A matchbot jellemzően 3,6 m és 4,5 m közti hosszban készült vékony, de erős, sűrűn gyűrűzött horgászbot. Nagy távolságú finomszerelékes úszózásra alkalmas, elsősorban állóvízen. Test nélküli (ceruza), vagy testtel rendelkező, illetve önsúlyos úszót lehet vele nagy távolságra eljuttatni. Az önsúlyos úszók egyes típusainak súlya fel-le csavarható lamellákkal változtatható. A szerelék vízbe juttatásakor a közvetlen kontaktus fenntartása érdekében a zsinórt a víz alá kell süllyeszteni.</p>', '2025-04-21 21:05:40', '2025-04-21 21:05:40'),
(106, 'Egyéb klasszikus úszós horgászmódszerek', NULL, NULL, NULL, NULL, NULL, '<ul><li>dévérezés, pontyozás feltolós úszóval, mély vízen</li><li>nádi pontyozás felfektetős úszóval, erős szerelékkel, csónakból</li><li>rablóhalas horgászat szabadon úsztatott vagy fenékre rögzített úszóval</li><li>léki horgászat – ragadozóra, békés halra</li><li>harcsahorgászat felszíni úszóval (stupek, óriásantennás úszó)</li></ul>', '2025-04-21 21:05:40', '2025-04-21 21:05:40'),
(107, 'Rakós botos úszózás', NULL, NULL, NULL, NULL, NULL, '<p>A rakós bot több tagból összerakható (nem összetolható), jellemzően 10 m-nél is hosszabb, könnyű bot. A rakós bot külsőleg hasonlít egy merev, erős spiccbothoz, azonban működése és használata egészen más jellegű. A merev bottest önmagában nem lenen alkalmas a halak mozgásának kivédése, ezért a bottest első részeibe finoman előfeszített gumi kerül, a botnál jóval rövidebb szerelék ehhez rögzül. A jelentősen megnyúlni képes gumi segíti a fárasztást. A fárasztás végén a hosszú botot hátrafelé mozgatva és a megfelelő helyen megbontva lehet a botot lerövidíteni, így a teljes botnál jóval rövidebb zsinór és a kinyúló gumi hosszával közel egyező botdarabbal már elvégezhető hal megszákolása is. A hosszú bot hátrafelé mozgatását görgős állványzat segíti. A rakós botozás előnye a nagyon nagy pontosságú etetés, valamint a hosszú ideig és pontosan az ', '2025-04-21 21:05:40', '2025-04-21 21:05:40'),
(108, 'Fenekező horgászmódszerek', NULL, NULL, NULL, NULL, NULL, '<p>E módszereknél a végszereléket valamilyen nehezékkel a vízfenékre süllyesztjük, a csalit is ott kínáljuk fel, a hal kapását pedig a horgászbot vagy a zsinór, illetve kapásjelző mozgása jelzi. Előnye, hogy jóval nagyobb távolságra, illetve áramló vagy mély víz esetén is könnyebben lehet horgászni aránylag rövidebb botokkal is. Hátránya a kapásjelzésből adódó kisebb érzékenység.</p>', '2025-04-21 21:05:40', '2025-04-21 21:05:40'),
(109, 'Hagyományos fenekező módszerek', NULL, NULL, NULL, NULL, NULL, '<p>A súly (ólom, etetőkosár, „tiroli-fa” stb.) segítségével az orsós horgászbottal nagy távolságra bedobható a szerelék, melyen 1-2-3 horog található. A szerelék bejuttatását követően és a zsinór megfeszítése után a zsinórra kapásjelzőt tesznek, vagy a zsinór elektromos kapásjelzőbe kerül. A szerelék fajtájától és a módszertől függően a felcsalizott horog a vízfenéken vagy a felett közvetlenül lebeg.</p><p>Ilyen hagyományos fenekező módszer:</p><ul><li>klasszikus etetőkosaras pontyozás, keszegezés</li><li>klasszikus rablóhalas fenekezés partról</li><li>klasszikus rablóhalas fenekezés csónakból.</li></ul>', '2025-04-21 21:05:40', '2025-04-21 21:05:40'),
(110, 'Bojlizás', NULL, NULL, NULL, NULL, NULL, '<p>A módszer nevét a speciális, nagyméretű, nagy energia- és fehérjetartalmú, jellegzetes, eredetileg főzött csali idegen elnevezéséről kapta. Jellemzően nagy halak (ponty, amur) kifogására és gondos bánásmód melletti fényképezést követő visszabocsátására kidolgozott módszer, mely jelenleg is gyorsan fejlődik. Jellemzője az erős, nagy terhelést bíró horgászbot, a nagy kapacitású, jó minőségű orsó, az erős zsinór és a speciális végszerelék. A bojlizást rendszerint többnapos időszakra kiterjedő kampányszerű horgászat formájában űzik, ami során általában etetéssel próbálják a megfelelőnek vélt helyre csalni a nagytestű halakat. Gyakran igény a nagy távolságok elérése, ezért ahol a hasznosító engedi, dobás helyett sokszor inkább behordással (csónakkal, távirányítású etetőhajóval) juttatják be a végszereléket.</p>', '2025-04-21 21:05:40', '2025-04-21 21:05:40'),
(111, 'Feederezés', NULL, NULL, NULL, NULL, NULL, '<p>Olyan fenekező módszer, mely során a horog (horgok) ún. feederkosár és/vagy csúszó ólom mellé kerül(nek), és a hal kapását a különböző érzékenységű színes botspiccek megrándulása jelzi. Jellemző az érzékeny, finom zsinór és a speciális végszerelékek, amik még nagyobb távolságok esetén is lehetőséget biztosítanak a halak megfogására. Az érzékeny botspiccek a legkisebb mozdulatra is reagálnak. A feederbotok finom, közepes és kemény kivitelben készülnek, hosszuk általában 3,3 és 4,2 m között mozog. A módszer sajátossága, hogy a botot a vízparttal párhuzamosan helyezik el, hiszen így zár be a bot és a zsinór olyan szöget, ami a jó kapásjelzést segíti. Folyóvizeken – különösen erős sodrásban – inkább meredeken felfelé állított bottal érik el ugyanezt a helyzetet, ami kedvezőbb, mert így kevesebb vízbe kerülő zsinórba fekszik bele az áramlás.</p>', '2025-04-21 21:05:40', '2025-04-21 21:05:40'),
(112, 'Pickerezés', NULL, NULL, NULL, NULL, NULL, '<p>A feeder módszerhez teljesen hasonló, de jóval finomabb fenekező módszer, a kapást itt is a finom botspicc megrándulása jelzi. A különbség a pickerbot hosszában (2,1-3 m), lágyabb és rugalmasabb testében, valamint a végszerelékben van. A rugalmasabb bottest a fárasztás során jobban fárasztja a halat, azonban ez a kisebb bothosszal párosulva azt is jelenti, hogy a nagyobb halak jóval kevésbé irányíthatóak. Dobósúlya kisebb, jellemzően 10-40 g, ami a megdobható távolságot és a használható végszerelékeket is behatárolja. Pickerbottal ritkán horgásznak 30-40 méternél messzebb, és gyakori az is, hogy ólomsúly kerül fel nehezéknek, az etetőanyagot pedig külön, etetőcsúzlival juttatják be. Érzékenysége miatt kiváló keszegező módszer, és gyakran jól használható a szeles időjárás miatt problémás úszózás helyett is.</p>', '2025-04-21 21:05:40', '2025-04-21 21:05:40'),
(113, 'Műcsalis horgászatok', NULL, NULL, NULL, NULL, NULL, '<p>E módszerek esetében a horgászat során a vízbe juttatott, illetve ott mozgatott műcsali utánozza a hal táplálékát vagy vetélytársát, így kihasználva zsákmányolási vagy territórium védő ösztönét támadásra készteti a halat.</p>', '2025-04-21 21:05:40', '2025-04-21 21:05:40'),
(116, 'Jogszabályi előírások', NULL, NULL, NULL, NULL, NULL, '<p>Valamely fogási tilalom alá eső faj véletlenül megfogott egyedét vagy a méret- és mennyiségi korlátozások által tiltott halat a horogtól óvatosan és gyorsan megszabadítva, vagy ha ez sérülésmentesen nem lehetséges, akkor a zsinórt a szájnyílás előtt elvágva – haladéktalanul vissza kell helyezni élőhelyére, akkor is, ha sérült, beteg vagy elpusztult.</p><p>Tilos a megfogott halak kínzása. A megfogott, és kifogott halakkal úgy kell bánni, hogy az azok számára okozott fizikai sérülés ne haladja meg a horgászmódszerből adódó szükséges minimumot. A megtartani nem kívánt halat – horgászverseny kivételével – azonnal vissza kell helyezni a vízbe. A kifogott halakat azok elpusztításáig maradandó sérülést nem okozó módon élve kell tartani, vagy azonnal le kell ölni.</p><p>Horogra kívülről és nem a fejrészen akadt halat megtartani tilos.</p><p>A szabályosan kifog', '2025-04-21 21:05:40', '2025-04-21 21:05:40'),
(117, 'Etikai, horgászrendi előírások', NULL, NULL, NULL, NULL, NULL, '<p>A horgásznak kötelessége érdeklődni, hogy eltérnek-e a helyi szabályok az horgászat országos rendjétől, köteles megismerni és betartani a vízterületre vonatkozó szabályokat.</p><p>A hal gerinces élőlény, ezért az állatvédelmi törvény vonatkozó rendelkezései a halakkal kapcsolatos tevékenységekre is mérvadók, ám emellett, mint az élővilág része, a hal és a halállomány tiszteletet és védelmet  érdemel. A jogszerűen  kifogott  hal megtartása nem jelentheti annak lassú, kínos halálát.</p><p>A halat a vízbe visszabocsátjuk, nem visszadobjuk!</p><p>A horgász köteles mindent elkövetni a kíméletes horogszabadítás érdekében.</p><p>A kifogott hal kíméletes megfogása (vizes kézzel, vizes ruhával) után haladéktalanul meg kell határozni annak faját, fogható vagy nem fogható státuszát, méretét, jogszerű megtarthatóság esetén annak szándékáról határo', '2025-04-21 21:05:40', '2025-04-21 21:05:40');

-- 
-- Dumping data for table cache_locks
--
-- Table horgaszvizsga2025.cache_locks does not contain any data (it is empty)

-- 
-- Dumping data for table cache
--
-- Table horgaszvizsga2025.cache does not contain any data (it is empty)

-- 
-- Restore previous SQL mode
-- 
/*!40101 SET SQL_MODE=@OLD_SQL_MODE */;

-- 
-- Enable foreign keys
-- 
/*!40014 SET FOREIGN_KEY_CHECKS=@OLD_FOREIGN_KEY_CHECKS */;